河北,石家庄,长安区,石家庄市新天成立邦商贸有限公司,新天成,北区,NPLF-华北,河北销售部,河北销售部,冀南销售部
河北,石家庄,桥东区,石家庄市新天成立邦商贸有限公司,新天成,北区,NPLF-华北,河北销售部,河北销售部,冀南销售部
河北,石家庄,桥西区,石家庄市新天成立邦商贸有限公司,新天成,北区,NPLF-华北,河北销售部,河北销售部,冀南销售部
河北,石家庄,裕华区,石家庄市新天成立邦商贸有限公司,新天成,北区,NPLF-华北,河北销售部,河北销售部,冀南销售部
河北,石家庄,正定县,正定县恒丰饰材中心,恒丰饰材,北区,NPLF-华北,河北销售部,河北销售部,冀南销售部
河北,石家庄,井陉矿区,河北无对应经销商,河北无对应,北区,NPLF-华北,河北销售部,河北销售部,冀南销售部
河北,石家庄,辛集市,辛集市张章装饰处,辛集张章,北区,NPLF-华北,河北销售部,河北销售部,冀南销售部
河北,石家庄,藁城市,申滨海,蒿城申滨海,北区,NPLF-华北,河北销售部,河北销售部,冀南销售部
河北,石家庄,晋州市,晋州市永红商店,晋州永红,北区,NPLF-华北,河北销售部,河北销售部,冀南销售部
河北,石家庄,新乐市,新乐市红星五金电料油漆批发部,新乐红星,北区,NPLF-华北,河北销售部,河北销售部,冀南销售部
河北,石家庄,鹿泉市,河北无对应经销商,河北无对应,北区,NPLF-华北,河北销售部,河北销售部,冀南销售部
河北,石家庄,平山县,河北无对应经销商,河北无对应,北区,NPLF-华北,河北销售部,河北销售部,冀南销售部
河北,石家庄,井陉县,河北无对应经销商,河北无对应,北区,NPLF-华北,河北销售部,河北销售部,冀南销售部
河北,石家庄,栾城县,赵县洪福装饰城,赵县洪福,北区,NPLF-华北,河北销售部,河北销售部,冀南销售部
河北,石家庄,无极县,无极新宜家装饰材料经销部,无极新宜家,北区,NPLF-华北,河北销售部,河北销售部,冀南销售部
河北,石家庄,元氏县,鑫达装饰城,元氏鑫达,北区,NPLF-华北,河北销售部,河北销售部,冀南销售部
河北,石家庄,行唐县,新乐市红星五金电料油漆批发部,新乐红星,北区,NPLF-华北,河北销售部,河北销售部,冀南销售部
河北,石家庄,灵寿县,新乐市红星五金电料油漆批发部,新乐红星,北区,NPLF-华北,河北销售部,河北销售部,冀南销售部
河北,石家庄,高邑县,李素果,高邑李素果,北区,NPLF-华北,河北销售部,河北销售部,冀南销售部
河北,石家庄,赵县,赵县洪福装饰城,赵县洪福,北区,NPLF-华北,河北销售部,河北销售部,冀南销售部
河北,石家庄,赞皇县,赞皇鑫达装饰城,赞皇鑫达,北区,NPLF-华北,河北销售部,河北销售部,冀南销售部
河北,石家庄,深泽县,深泽县金辉装饰材料批发部,深泽金辉,北区,NPLF-华北,河北销售部,河北销售部,冀南销售部
河北,石家庄,其它区,石家庄市新天成立邦商贸有限公司,新天成,北区,NPLF-华北,河北销售部,河北销售部,冀南销售部
河北,石家庄,新华区,石家庄市新天成立邦商贸有限公司,新天成,北区,NPLF-华北,河北销售部,河北销售部,冀南销售部
河北,保定,新市区,保定市南市区明日装饰装修材料部,鑫丰市场,北区,NPLF-华北,河北销售部,河北销售部,冀南销售部
河北,保定,北市区,保定市南市区明日装饰装修材料部,鑫丰市场,北区,NPLF-华北,河北销售部,河北销售部,冀南销售部
河北,保定,南市区,保定市南市区明日装饰装修材料部,鑫丰市场,北区,NPLF-华北,河北销售部,河北销售部,冀南销售部
河北,保定,涿州市,涿州市建材供应公司,涿州建材,北区,NPLF-华北,河北销售部,河北销售部,冀南销售部
河北,保定,定州市,定州市西峰装饰城,定州西峰,北区,NPLF-华北,河北销售部,河北销售部,冀南销售部
河北,保定,安国市,保定市南市区明日装饰装修材料部,鑫丰市场,北区,NPLF-华北,河北销售部,河北销售部,冀南销售部
河北,保定,高碑店市,高碑店市白沟家兴建材门市部,高碑店家兴,北区,NPLF-华北,河北销售部,河北销售部,冀南销售部
河北,保定,满城县,满城县宏源物资经销处,满城宏源,北区,NPLF-华北,河北销售部,河北销售部,冀南销售部
河北,保定,清苑县,清苑县华雅装饰部,清苑华雅,北区,NPLF-华北,河北销售部,河北销售部,冀南销售部
河北,保定,涞水县,高碑店市白沟家兴建材门市部,高碑店家兴,北区,NPLF-华北,河北销售部,河北销售部,冀南销售部
河北,保定,阜平县,保定市南市区明日装饰装修材料部,鑫丰市场,北区,NPLF-华北,河北销售部,河北销售部,冀南销售部
河北,保定,徐水县,徐水县金马装饰材料经销部,徐水金马,北区,NPLF-华北,河北销售部,河北销售部,冀南销售部
河北,保定,定兴县,高碑店市白沟家兴建材门市部,高碑店家兴,北区,NPLF-华北,河北销售部,河北销售部,冀南销售部
河北,保定,唐县,唐县顺发五金装饰材料经营部,唐县顺发,北区,NPLF-华北,河北销售部,河北销售部,冀南销售部
河北,保定,高阳县,高阳县新艺电脑装饰服务部,高阳新艺,北区,NPLF-华北,河北销售部,河北销售部,冀南销售部
河北,保定,容城县,容城南环建材装饰城,容城南环,北区,NPLF-华北,河北销售部,河北销售部,冀南销售部
河北,保定,涞源县,保定市南市区明日装饰装修材料部,鑫丰市场,北区,NPLF-华北,河北销售部,河北销售部,冀南销售部
河北,保定,望都县,望都县蓝天装饰材料门市部,望都蓝天,北区,NPLF-华北,河北销售部,河北销售部,冀南销售部
河北,保定,安新县,安新县城关铁刚五金门市部,安新铁刚,北区,NPLF-华北,河北销售部,河北销售部,冀南销售部
河北,保定,易县,易县日盛装饰材料门市部,易县日盛,北区,NPLF-华北,河北销售部,河北销售部,冀南销售部
河北,保定,曲阳县,曲阳县美家乐装饰装潢材料中心,曲阳家乐美,北区,NPLF-华北,河北销售部,河北销售部,冀南销售部
河北,保定,蠡县,蠡县北方津华综合批零商店,蠡县津华,北区,NPLF-华北,河北销售部,河北销售部,冀南销售部
河北,保定,顺平县,满城县宏源物资经销处,满城宏源,北区,NPLF-华北,河北销售部,河北销售部,冀南销售部
河北,保定,高开区,保定市南市区明日装饰装修材料部,鑫丰市场,北区,NPLF-华北,河北销售部,河北销售部,冀南销售部
河北,保定,博野县,博野县高立五金批发部,博野高立,北区,NPLF-华北,河北销售部,河北销售部,冀南销售部
河北,保定,雄县,雄县裕美家装饰材料部,雄县裕美家,北区,NPLF-华北,河北销售部,河北销售部,冀南销售部
河北,保定,其它区,保定市南市区明日装饰装修材料部,鑫丰市场,北区,NPLF-华北,河北销售部,河北销售部,冀南销售部
河北,张家口,宣化区,宣化东方建筑装饰材料经销部,东方建筑,北区,NPLF-华北,河北销售部,河北销售部,内蒙销售部
河北,张家口,宣化县,宣化东方建筑装饰材料经销部,东方建筑,北区,NPLF-华北,河北销售部,河北销售部,内蒙销售部
河北,张家口,桥西区,张家口市祥云油漆经销部,张家口祥云,北区,NPLF-华北,河北销售部,河北销售部,内蒙销售部
河北,张家口,桥东区,张家口市祥云油漆经销部,张家口祥云,北区,NPLF-华北,河北销售部,河北销售部,内蒙销售部
河北,张家口,下花园区,河北无对应经销商,河北无对应,北区,NPLF-华北,河北销售部,河北销售部,内蒙销售部
河北,张家口,康保县,万全县孔家庄镇万胜涂料经销部,万全万胜,北区,NPLF-华北,河北销售部,河北销售部,内蒙销售部
河北,张家口,张北县,万全县孔家庄镇万胜涂料经销部,万全万胜,北区,NPLF-华北,河北销售部,河北销售部,内蒙销售部
河北,张家口,阳原县,宣化东方建筑装饰材料经销部,东方建筑,北区,NPLF-华北,河北销售部,河北销售部,内蒙销售部
河北,张家口,赤城县,赤城县赤城镇桂元油漆经销部,赤城桂元,北区,NPLF-华北,河北销售部,河北销售部,内蒙销售部
河北,张家口,沽源县,万全县孔家庄镇万胜涂料经销部,万全万胜,北区,NPLF-华北,河北销售部,河北销售部,内蒙销售部
河北,张家口,怀安县,万全县孔家庄镇万胜涂料经销部,万全万胜,北区,NPLF-华北,河北销售部,河北销售部,内蒙销售部
河北,张家口,怀来县,怀来县沙城镇金源建材部,怀来金源,北区,NPLF-华北,河北销售部,河北销售部,内蒙销售部
河北,张家口,崇礼县,万全县孔家庄镇万胜涂料经销部,万全万胜,北区,NPLF-华北,河北销售部,河北销售部,内蒙销售部
河北,张家口,尚义县,万全县孔家庄镇万胜涂料经销部,万全万胜,北区,NPLF-华北,河北销售部,河北销售部,内蒙销售部
河北,张家口,蔚县,宣化东方建筑装饰材料经销部,东方建筑,北区,NPLF-华北,河北销售部,河北销售部,内蒙销售部
河北,张家口,涿鹿县,涿鹿县振宇装饰材料门市,涿鹿振宇,北区,NPLF-华北,河北销售部,河北销售部,内蒙销售部
河北,张家口,万全县,万全县孔家庄镇万胜涂料经销部,万全万胜,北区,NPLF-华北,河北销售部,河北销售部,内蒙销售部
河北,张家口,其它区,宣化东方建筑装饰材料经销部,东方建筑,北区,NPLF-华北,河北销售部,河北销售部,内蒙销售部
河北,邯郸,邯山区,邯郸县北方安安装饰材料商行,安安装饰,北区,NPLF-华北,河北销售部,河北销售部,冀南销售部
河北,邯郸,丛台区,邯郸县北方安安装饰材料商行,安安装饰,北区,NPLF-华北,河北销售部,河北销售部,冀南销售部
河北,邯郸,复兴区,邯郸县北方安安装饰材料商行,安安装饰,北区,NPLF-华北,河北销售部,河北销售部,冀南销售部
河北,邯郸,武安市,武安市建材市场永胜立邦漆门市部,武安刘永胜,北区,NPLF-华北,河北销售部,河北销售部,冀南销售部
河北,邯郸,峰峰矿区,河北无对应经销商,河北无对应,北区,NPLF-华北,河北销售部,河北销售部,冀南销售部
河北,邯郸,邯郸县,邯郸县北方安安装饰材料商行,安安装饰,北区,NPLF-华北,河北销售部,河北销售部,冀南销售部
河北,邯郸,永年县,永年县名关南方装饰材料城,永年南方,北区,NPLF-华北,河北销售部,河北销售部,冀南销售部
河北,邯郸,曲周县,曲周丽达装饰材料部,曲周丽达,北区,NPLF-华北,河北销售部,河北销售部,冀南销售部
河北,邯郸,馆陶县,河北无对应经销商,河北无对应,北区,NPLF-华北,河北销售部,河北销售部,冀南销售部
河北,邯郸,魏县,魏县恒信装饰材料经销处,魏县恒信,北区,NPLF-华北,河北销售部,河北销售部,冀南销售部
河北,邯郸,成安县,成安县城镇天和建材油漆门市,成安天和,北区,NPLF-华北,河北销售部,河北销售部,冀南销售部
河北,邯郸,大名县,河北无对应经销商,河北无对应,北区,NPLF-华北,河北销售部,河北销售部,冀南销售部
河北,邯郸,涉县,涉县宝林装饰材料经销部,涉县宝林,北区,NPLF-华北,河北销售部,河北销售部,冀南销售部
河北,邯郸,鸡泽县,二小装潢建材超市,鸡泽二小,北区,NPLF-华北,河北销售部,河北销售部,冀南销售部
河北,邯郸,邱县,河北无对应经销商,河北无对应,北区,NPLF-华北,河北销售部,河北销售部,冀南销售部
河北,邯郸,广平县,广平县海林三合板门市,广平海林,北区,NPLF-华北,河北销售部,河北销售部,冀南销售部
河北,邯郸,肥乡县,河北无对应经销商,河北无对应,北区,NPLF-华北,河北销售部,河北销售部,冀南销售部
河北,邯郸,临漳县,河北无对应经销商,河北无对应,北区,NPLF-华北,河北销售部,河北销售部,冀南销售部
河北,邯郸,磁县,磁县振兴装饰材料总汇,磁县振兴,北区,NPLF-华北,河北销售部,河北销售部,冀南销售部
河北,邯郸,其它区,邯郸县北方安安装饰材料商行,安安装饰,北区,NPLF-华北,河北销售部,河北销售部,冀南销售部
河北,邢台,桥东区,邢台圣地雅阁装饰有限公司,圣地雅阁,北区,NPLF-华北,河北销售部,河北销售部,冀南销售部
河北,邢台,桥西区,邢台圣地雅阁装饰有限公司,圣地雅阁,北区,NPLF-华北,河北销售部,河北销售部,冀南销售部
河北,邢台,南宫市,南宫市新潮装饰门市部,南宫新潮,北区,NPLF-华北,河北销售部,河北销售部,冀南销售部
河北,邢台,沙河市,沙河市建设路立邦漆专卖店,沙河立邦,北区,NPLF-华北,河北销售部,河北销售部,冀南销售部
河北,邢台,邢台县,邢台圣地雅阁装饰有限公司,圣地雅阁,北区,NPLF-华北,河北销售部,河北销售部,冀南销售部
河北,邢台,柏乡县,邢台圣地雅阁装饰有限公司,圣地雅阁,北区,NPLF-华北,河北销售部,河北销售部,冀南销售部
河北,邢台,任县,邢台圣地雅阁装饰有限公司,圣地雅阁,北区,NPLF-华北,河北销售部,河北销售部,冀南销售部
河北,邢台,清河县,清河县祥和建材经销处,清河祥和,北区,NPLF-华北,河北销售部,河北销售部,冀南销售部
河北,邢台,宁晋县,宁晋县利群装饰材料超市,宁晋利群,北区,NPLF-华北,河北销售部,河北销售部,冀南销售部
河北,邢台,威县,邢台圣地雅阁装饰有限公司,圣地雅阁,北区,NPLF-华北,河北销售部,河北销售部,冀南销售部
河北,邢台,隆尧县,邢台圣地雅阁装饰有限公司,圣地雅阁,北区,NPLF-华北,河北销售部,河北销售部,冀南销售部
河北,邢台,临城县,邢台圣地雅阁装饰有限公司,圣地雅阁,北区,NPLF-华北,河北销售部,河北销售部,冀南销售部
河北,邢台,广宗县,邢台圣地雅阁装饰有限公司,圣地雅阁,北区,NPLF-华北,河北销售部,河北销售部,冀南销售部
河北,邢台,临西县,邢台圣地雅阁装饰有限公司,圣地雅阁,北区,NPLF-华北,河北销售部,河北销售部,冀南销售部
河北,邢台,内丘县,内邱县缔豪室内装饰材料门市,内邱缔豪,北区,NPLF-华北,河北销售部,河北销售部,冀南销售部
河北,邢台,平乡县,邢台圣地雅阁装饰有限公司,圣地雅阁,北区,NPLF-华北,河北销售部,河北销售部,冀南销售部
河北,邢台,巨鹿县,邢台圣地雅阁装饰有限公司,圣地雅阁,北区,NPLF-华北,河北销售部,河北销售部,冀南销售部
河北,邢台,新河县,邢台圣地雅阁装饰有限公司,圣地雅阁,北区,NPLF-华北,河北销售部,河北销售部,冀南销售部
河北,邢台,南和县,南和县豪峰装饰材料城,南和豪峰,北区,NPLF-华北,河北销售部,河北销售部,冀南销售部
河北,邢台,其它区,邢台圣地雅阁装饰有限公司,圣地雅阁,北区,NPLF-华北,河北销售部,河北销售部,冀南销售部
山西,太原,小店区,太原市小店硕硕装饰总汇,硕硕装饰,北区,NPLF-华北,山西销售部,山西销售部,山西销售部
山西,太原,迎泽区,太原市小店区华方装饰商行,华方装饰,北区,NPLF-华北,山西销售部,山西销售部,山西销售部
山西,太原,杏花岭区,山西飞天装饰工程有限公司,飞天装饰,北区,NPLF-华北,山西销售部,山西销售部,山西销售部
山西,太原,尖草坪区,太原市尖草坪区环亚装饰材料经销三部,环亚装饰,北区,NPLF-华北,山西销售部,山西销售部,山西销售部
山西,太原,万柏林区,太原市万柏林区源苑装饰材料经销部,源苑装饰,北区,NPLF-华北,山西销售部,山西销售部,山西销售部
山西,太原,晋源区,太原市小店区华欣装饰材料商店,华欣装饰,北区,NPLF-华北,山西销售部,山西销售部,山西销售部
山西,太原,古交市,山西无对应经销商,山西无对应,北区,NPLF-华北,山西销售部,山西销售部,山西销售部
山西,太原,阳曲县,山西无对应经销商,山西无对应,北区,NPLF-华北,山西销售部,山西销售部,山西销售部
山西,太原,清徐县,山西无对应经销商,山西无对应,北区,NPLF-华北,山西销售部,山西销售部,山西销售部
山西,太原,娄烦县,山西无对应经销商,山西无对应,北区,NPLF-华北,山西销售部,山西销售部,山西销售部
山西,太原,其它区,山西无对应经销商,山西无对应,北区,NPLF-华北,山西销售部,山西销售部,山西销售部
山西,运城,盐湖区,运城禹都立邦漆经销处,禹都立邦,北区,NPLF-华北,山西销售部,山西销售部,山西销售部
山西,运城,河津市,山西无对应经销商,山西无对应,北区,NPLF-华北,山西销售部,山西销售部,山西销售部
山西,运城,永济市,山西无对应经销商,山西无对应,北区,NPLF-华北,山西销售部,山西销售部,山西销售部
山西,运城,闻喜县,山西无对应经销商,山西无对应,北区,NPLF-华北,山西销售部,山西销售部,山西销售部
山西,运城,新绛县,山西无对应经销商,山西无对应,北区,NPLF-华北,山西销售部,山西销售部,山西销售部
山西,运城,平陆县,山西无对应经销商,山西无对应,北区,NPLF-华北,山西销售部,山西销售部,山西销售部
山西,运城,垣曲县,山西无对应经销商,山西无对应,北区,NPLF-华北,山西销售部,山西销售部,山西销售部
山西,运城,绛县,山西无对应经销商,山西无对应,北区,NPLF-华北,山西销售部,山西销售部,山西销售部
山西,运城,稷山县,山西无对应经销商,山西无对应,北区,NPLF-华北,山西销售部,山西销售部,山西销售部
山西,运城,芮城县,山西无对应经销商,山西无对应,北区,NPLF-华北,山西销售部,山西销售部,山西销售部
山西,运城,夏县,山西无对应经销商,山西无对应,北区,NPLF-华北,山西销售部,山西销售部,山西销售部
山西,运城,万荣县,山西无对应经销商,山西无对应,北区,NPLF-华北,山西销售部,山西销售部,山西销售部
山西,运城,临猗县,山西无对应经销商,山西无对应,北区,NPLF-华北,山西销售部,山西销售部,山西销售部
山西,运城,其它区,山西无对应经销商,山西无对应,北区,NPLF-华北,山西销售部,山西销售部,山西销售部
山西,临汾,尧都区,临汾市尧都区明宇油漆经销部,明宇油漆,北区,NPLF-华北,山西销售部,山西销售部,山西销售部
山西,临汾,侯马市,山西无对应经销商,山西无对应,北区,NPLF-华北,山西销售部,山西销售部,山西销售部
山西,临汾,霍州市,山西无对应经销商,山西无对应,北区,NPLF-华北,山西销售部,山西销售部,山西销售部
山西,临汾,汾西县,山西无对应经销商,山西无对应,北区,NPLF-华北,山西销售部,山西销售部,山西销售部
山西,临汾,吉县,山西无对应经销商,山西无对应,北区,NPLF-华北,山西销售部,山西销售部,山西销售部
山西,临汾,安泽县,山西无对应经销商,山西无对应,北区,NPLF-华北,山西销售部,山西销售部,山西销售部
山西,临汾,大宁县,山西无对应经销商,山西无对应,北区,NPLF-华北,山西销售部,山西销售部,山西销售部
山西,临汾,浮山县,山西无对应经销商,山西无对应,北区,NPLF-华北,山西销售部,山西销售部,山西销售部
山西,临汾,古县,山西无对应经销商,山西无对应,北区,NPLF-华北,山西销售部,山西销售部,山西销售部
山西,临汾,隰县,山西无对应经销商,山西无对应,北区,NPLF-华北,山西销售部,山西销售部,山西销售部
山西,临汾,襄汾县,山西无对应经销商,山西无对应,北区,NPLF-华北,山西销售部,山西销售部,山西销售部
山西,临汾,翼城县,山西无对应经销商,山西无对应,北区,NPLF-华北,山西销售部,山西销售部,山西销售部
山西,临汾,永和县,山西无对应经销商,山西无对应,北区,NPLF-华北,山西销售部,山西销售部,山西销售部
山西,临汾,乡宁县,山西无对应经销商,山西无对应,北区,NPLF-华北,山西销售部,山西销售部,山西销售部
山西,临汾,曲沃县,山西无对应经销商,山西无对应,北区,NPLF-华北,山西销售部,山西销售部,山西销售部
山西,临汾,洪洞县,山西无对应经销商,山西无对应,北区,NPLF-华北,山西销售部,山西销售部,山西销售部
山西,临汾,蒲县,山西无对应经销商,山西无对应,北区,NPLF-华北,山西销售部,山西销售部,山西销售部
山西,临汾,其它区,山西无对应经销商,山西无对应,北区,NPLF-华北,山西销售部,山西销售部,山西销售部
山西,大同,城区,大同市城区卓亿达装饰装潢经营部,卓亿达装饰,北区,NPLF-华北,山西销售部,山西销售部,山西销售部
山西,大同,矿区,山西无对应经销商,山西无对应,北区,NPLF-华北,山西销售部,山西销售部,山西销售部
山西,大同,南郊区,山西无对应经销商,山西无对应,北区,NPLF-华北,山西销售部,山西销售部,山西销售部
山西,大同,新荣区,山西无对应经销商,山西无对应,北区,NPLF-华北,山西销售部,山西销售部,山西销售部
山西,大同,大同县,山西无对应经销商,山西无对应,北区,NPLF-华北,山西销售部,山西销售部,山西销售部
山西,大同,天镇县,山西无对应经销商,山西无对应,北区,NPLF-华北,山西销售部,山西销售部,山西销售部
山西,大同,灵丘县,山西无对应经销商,山西无对应,北区,NPLF-华北,山西销售部,山西销售部,山西销售部
山西,大同,阳高县,山西无对应经销商,山西无对应,北区,NPLF-华北,山西销售部,山西销售部,山西销售部
山西,大同,左云县,山西无对应经销商,山西无对应,北区,NPLF-华北,山西销售部,山西销售部,山西销售部
山西,大同,广灵县,山西无对应经销商,山西无对应,北区,NPLF-华北,山西销售部,山西销售部,山西销售部
山西,大同,浑源县,山西无对应经销商,山西无对应,北区,NPLF-华北,山西销售部,山西销售部,山西销售部
山西,大同,其它区,山西无对应经销商,山西无对应,北区,NPLF-华北,山西销售部,山西销售部,山西销售部
山西,长治,城区,长治市上品家世界装饰材料有限公司,上品家世界,北区,NPLF-华北,山西销售部,山西销售部,山西销售部
山西,长治,郊区,山西无对应经销商,山西无对应,北区,NPLF-华北,山西销售部,山西销售部,山西销售部
山西,长治,高新区,山西无对应经销商,山西无对应,北区,NPLF-华北,山西销售部,山西销售部,山西销售部
山西,长治,潞城市,山西无对应经销商,山西无对应,北区,NPLF-华北,山西销售部,山西销售部,山西销售部
山西,长治,长治县,山西无对应经销商,山西无对应,北区,NPLF-华北,山西销售部,山西销售部,山西销售部
山西,长治,长子县,山西无对应经销商,山西无对应,北区,NPLF-华北,山西销售部,山西销售部,山西销售部
山西,长治,平顺县,山西无对应经销商,山西无对应,北区,NPLF-华北,山西销售部,山西销售部,山西销售部
山西,长治,襄垣县,山西无对应经销商,山西无对应,北区,NPLF-华北,山西销售部,山西销售部,山西销售部
山西,长治,沁源县,山西无对应经销商,山西无对应,北区,NPLF-华北,山西销售部,山西销售部,山西销售部
山西,长治,屯留县,山西无对应经销商,山西无对应,北区,NPLF-华北,山西销售部,山西销售部,山西销售部
山西,长治,黎城县,山西无对应经销商,山西无对应,北区,NPLF-华北,山西销售部,山西销售部,山西销售部
山西,长治,武乡县,山西无对应经销商,山西无对应,北区,NPLF-华北,山西销售部,山西销售部,山西销售部
山西,长治,沁县,山西无对应经销商,山西无对应,北区,NPLF-华北,山西销售部,山西销售部,山西销售部
山西,长治,壶关县,山西无对应经销商,山西无对应,北区,NPLF-华北,山西销售部,山西销售部,山西销售部
山西,长治,其它区,山西无对应经销商,山西无对应,北区,NPLF-华北,山西销售部,山西销售部,山西销售部
山西,晋城,城区,晋城市领先商贸有限公司,山西领先,北区,NPLF-华北,山西销售部,山西销售部,山西销售部
山西,晋城,高平市,山西无对应经销商,山西无对应,北区,NPLF-华北,山西销售部,山西销售部,山西销售部
山西,晋城,泽州县,山西无对应经销商,山西无对应,北区,NPLF-华北,山西销售部,山西销售部,山西销售部
山西,晋城,陵川县,山西无对应经销商,山西无对应,北区,NPLF-华北,山西销售部,山西销售部,山西销售部
山西,晋城,阳城县,山西无对应经销商,山西无对应,北区,NPLF-华北,山西销售部,山西销售部,山西销售部
山西,晋城,沁水县,山西无对应经销商,山西无对应,北区,NPLF-华北,山西销售部,山西销售部,山西销售部
山西,晋城,其它区,山西无对应经销商,山西无对应,北区,NPLF-华北,山西销售部,山西销售部,山西销售部
山西,阳泉,城区,阳泉市今路经贸有限责任公司,今路经贸,北区,NPLF-华北,山西销售部,山西销售部,山西销售部
山西,阳泉,矿区,山西无对应经销商,山西无对应,北区,NPLF-华北,山西销售部,山西销售部,山西销售部
山西,阳泉,郊区,山西无对应经销商,山西无对应,北区,NPLF-华北,山西销售部,山西销售部,山西销售部
山西,阳泉,平定县,山西无对应经销商,山西无对应,北区,NPLF-华北,山西销售部,山西销售部,山西销售部
山西,阳泉,盂县,山西无对应经销商,山西无对应,北区,NPLF-华北,山西销售部,山西销售部,山西销售部
山西,阳泉,其它区,山西无对应经销商,山西无对应,北区,NPLF-华北,山西销售部,山西销售部,山西销售部
山西,晋中,榆次区,晋中市名洋商贸有限公司,名洋商贸,北区,NPLF-华北,山西销售部,山西销售部,山西销售部
山西,晋中,介休市,山西无对应经销商,山西无对应,北区,NPLF-华北,山西销售部,山西销售部,山西销售部
山西,晋中,昔阳县,山西无对应经销商,山西无对应,北区,NPLF-华北,山西销售部,山西销售部,山西销售部
山西,晋中,灵石县,山西无对应经销商,山西无对应,北区,NPLF-华北,山西销售部,山西销售部,山西销售部
山西,晋中,祁县,山西无对应经销商,山西无对应,北区,NPLF-华北,山西销售部,山西销售部,山西销售部
山西,晋中,左权县,山西无对应经销商,山西无对应,北区,NPLF-华北,山西销售部,山西销售部,山西销售部
山西,晋中,寿阳县,山西无对应经销商,山西无对应,北区,NPLF-华北,山西销售部,山西销售部,山西销售部
山西,晋中,太谷县,山西无对应经销商,山西无对应,北区,NPLF-华北,山西销售部,山西销售部,山西销售部
山西,晋中,和顺县,山西无对应经销商,山西无对应,北区,NPLF-华北,山西销售部,山西销售部,山西销售部
山西,晋中,平遥县,山西无对应经销商,山西无对应,北区,NPLF-华北,山西销售部,山西销售部,山西销售部
山西,晋中,榆社县,山西无对应经销商,山西无对应,北区,NPLF-华北,山西销售部,山西销售部,山西销售部
山西,晋中,其它区,山西无对应经销商,山西无对应,北区,NPLF-华北,山西销售部,山西销售部,山西销售部
山西,朔州,朔城区,山西无对应经销商,山西无对应,北区,NPLF-华北,山西销售部,山西销售部,山西销售部
山西,朔州,平鲁区,山西无对应经销商,山西无对应,北区,NPLF-华北,山西销售部,山西销售部,山西销售部
山西,朔州,山阴县,山西无对应经销商,山西无对应,北区,NPLF-华北,山西销售部,山西销售部,山西销售部
山西,朔州,右玉县,山西无对应经销商,山西无对应,北区,NPLF-华北,山西销售部,山西销售部,山西销售部
山西,朔州,应县,山西无对应经销商,山西无对应,北区,NPLF-华北,山西销售部,山西销售部,山西销售部
山西,朔州,怀仁县,山西无对应经销商,山西无对应,北区,NPLF-华北,山西销售部,山西销售部,山西销售部
山西,朔州,其它区,山西无对应经销商,山西无对应,北区,NPLF-华北,山西销售部,山西销售部,山西销售部
山西,忻州,忻府区,山西无对应经销商,山西无对应,北区,NPLF-华北,山西销售部,山西销售部,山西销售部
山西,忻州,原平市,山西无对应经销商,山西无对应,北区,NPLF-华北,山西销售部,山西销售部,山西销售部
山西,忻州,代县,山西无对应经销商,山西无对应,北区,NPLF-华北,山西销售部,山西销售部,山西销售部
山西,忻州,神池县,山西无对应经销商,山西无对应,北区,NPLF-华北,山西销售部,山西销售部,山西销售部
山西,忻州,五寨县,山西无对应经销商,山西无对应,北区,NPLF-华北,山西销售部,山西销售部,山西销售部
山西,忻州,五台县,山西无对应经销商,山西无对应,北区,NPLF-华北,山西销售部,山西销售部,山西销售部
山西,忻州,偏关县,山西无对应经销商,山西无对应,北区,NPLF-华北,山西销售部,山西销售部,山西销售部
山西,忻州,宁武县,山西无对应经销商,山西无对应,北区,NPLF-华北,山西销售部,山西销售部,山西销售部
山西,忻州,静乐县,山西无对应经销商,山西无对应,北区,NPLF-华北,山西销售部,山西销售部,山西销售部
山西,忻州,繁峙县,山西无对应经销商,山西无对应,北区,NPLF-华北,山西销售部,山西销售部,山西销售部
山西,忻州,河曲县,山西无对应经销商,山西无对应,北区,NPLF-华北,山西销售部,山西销售部,山西销售部
山西,忻州,保德县,山西无对应经销商,山西无对应,北区,NPLF-华北,山西销售部,山西销售部,山西销售部
山西,忻州,定襄县,山西无对应经销商,山西无对应,北区,NPLF-华北,山西销售部,山西销售部,山西销售部
山西,忻州,岢岚县,山西无对应经销商,山西无对应,北区,NPLF-华北,山西销售部,山西销售部,山西销售部
山西,忻州,其它区,山西无对应经销商,山西无对应,北区,NPLF-华北,山西销售部,山西销售部,山西销售部
山西,吕梁,离石区,山西无对应经销商,山西无对应,北区,NPLF-华北,山西销售部,山西销售部,山西销售部
山西,吕梁,孝义市,山西无对应经销商,山西无对应,北区,NPLF-华北,山西销售部,山西销售部,山西销售部
山西,吕梁,汾阳市,山西无对应经销商,山西无对应,北区,NPLF-华北,山西销售部,山西销售部,山西销售部
山西,吕梁,文水县,山西无对应经销商,山西无对应,北区,NPLF-华北,山西销售部,山西销售部,山西销售部
山西,吕梁,中阳县,山西无对应经销商,山西无对应,北区,NPLF-华北,山西销售部,山西销售部,山西销售部
山西,吕梁,兴县,山西无对应经销商,山西无对应,北区,NPLF-华北,山西销售部,山西销售部,山西销售部
山西,吕梁,临县,山西无对应经销商,山西无对应,北区,NPLF-华北,山西销售部,山西销售部,山西销售部
山西,吕梁,方山县,山西无对应经销商,山西无对应,北区,NPLF-华北,山西销售部,山西销售部,山西销售部
山西,吕梁,柳林县,山西无对应经销商,山西无对应,北区,NPLF-华北,山西销售部,山西销售部,山西销售部
山西,吕梁,岚县,山西无对应经销商,山西无对应,北区,NPLF-华北,山西销售部,山西销售部,山西销售部
山西,吕梁,交口县,山西无对应经销商,山西无对应,北区,NPLF-华北,山西销售部,山西销售部,山西销售部
山西,吕梁,交城县,山西无对应经销商,山西无对应,北区,NPLF-华北,山西销售部,山西销售部,山西销售部
山西,吕梁,石楼县,山西无对应经销商,山西无对应,北区,NPLF-华北,山西销售部,山西销售部,山西销售部
山西,吕梁,其它区,山西无对应经销商,山西无对应,北区,NPLF-华北,山西销售部,山西销售部,山西销售部
内蒙古自治区,呼和浩特市,回民区,呼和浩特市新城区浙鑫装饰材料经销部,新城浙鑫,北区,NPLF-华北,内蒙销售部,内蒙销售部,内蒙销售部
内蒙古自治区,呼和浩特市,玉泉区,呼和浩特市新城区浙鑫装饰材料经销部,新城浙鑫,北区,NPLF-华北,内蒙销售部,内蒙销售部,内蒙销售部
内蒙古自治区,呼和浩特市,新城区,呼和浩特市新城区浙鑫装饰材料经销部,新城浙鑫,北区,NPLF-华北,内蒙销售部,内蒙销售部,内蒙销售部
内蒙古自治区,呼和浩特市,托克托县,内蒙无对应经销商,内蒙无对应,北区,NPLF-华北,内蒙销售部,内蒙销售部,内蒙销售部
内蒙古自治区,呼和浩特市,赛罕区,呼和浩特市新城区浙鑫装饰材料经销部,新城浙鑫,北区,NPLF-华北,内蒙销售部,内蒙销售部,内蒙销售部
内蒙古自治区,呼和浩特市,清水河县,内蒙无对应经销商,内蒙无对应,北区,NPLF-华北,内蒙销售部,内蒙销售部,内蒙销售部
内蒙古自治区,呼和浩特市,武川县,内蒙无对应经销商,内蒙无对应,北区,NPLF-华北,内蒙销售部,内蒙销售部,内蒙销售部
内蒙古自治区,呼和浩特市,和林格尔县,内蒙无对应经销商,内蒙无对应,北区,NPLF-华北,内蒙销售部,内蒙销售部,内蒙销售部
内蒙古自治区,呼和浩特市,土默特左旗,内蒙无对应经销商,内蒙无对应,北区,NPLF-华北,内蒙销售部,内蒙销售部,内蒙销售部
内蒙古自治区,呼和浩特市,其它区,内蒙无对应经销商,内蒙无对应,北区,NPLF-华北,内蒙销售部,内蒙销售部,内蒙销售部
内蒙古自治区,包头市,昆都仑区,包头稀土高新区立邦涂料经销部,包头稀土,北区,NPLF-华北,内蒙销售部,内蒙销售部,内蒙销售部
内蒙古自治区,包头市,青山区,包头稀土高新区立邦涂料经销部,包头稀土,北区,NPLF-华北,内蒙销售部,内蒙销售部,内蒙销售部
内蒙古自治区,包头市,东河区,包头市东河区佳美建材城天德装饰材料经销部,包头佳美,北区,NPLF-华北,内蒙销售部,内蒙销售部,内蒙销售部
内蒙古自治区,包头市,九原区,包头稀土高新区立邦涂料经销部,包头稀土,北区,NPLF-华北,内蒙销售部,内蒙销售部,内蒙销售部
内蒙古自治区,包头市,石拐区,内蒙无对应经销商,内蒙无对应,北区,NPLF-华北,内蒙销售部,内蒙销售部,内蒙销售部
内蒙古自治区,包头市,白云矿区,内蒙无对应经销商,内蒙无对应,北区,NPLF-华北,内蒙销售部,内蒙销售部,内蒙销售部
内蒙古自治区,包头市,固阳县,内蒙无对应经销商,内蒙无对应,北区,NPLF-华北,内蒙销售部,内蒙销售部,内蒙销售部
内蒙古自治区,包头市,土默特右旗,内蒙无对应经销商,内蒙无对应,北区,NPLF-华北,内蒙销售部,内蒙销售部,内蒙销售部
内蒙古自治区,包头市,达尔罕茂明安联合旗,内蒙无对应经销商,内蒙无对应,北区,NPLF-华北,内蒙销售部,内蒙销售部,内蒙销售部
内蒙古自治区,包头市,其它区,内蒙无对应经销商,内蒙无对应,北区,NPLF-华北,内蒙销售部,内蒙销售部,内蒙销售部
内蒙古自治区,乌海市,海勃湾区,海勃湾区鸿鑫顺涂料经销部,鸿鑫顺涂料,北区,NPLF-华北,内蒙销售部,内蒙销售部,内蒙销售部
内蒙古自治区,乌海市,乌达区,内蒙无对应经销商,内蒙无对应,北区,NPLF-华北,内蒙销售部,内蒙销售部,内蒙销售部
内蒙古自治区,乌海市,海南区,内蒙无对应经销商,内蒙无对应,北区,NPLF-华北,内蒙销售部,内蒙销售部,内蒙销售部
内蒙古自治区,乌海市,其它区,内蒙无对应经销商,内蒙无对应,北区,NPLF-华北,内蒙销售部,内蒙销售部,内蒙销售部
内蒙古自治区,赤峰市,红山区,赤峰图邦商贸有限责任公司,图邦商贸,北区,NPLF-东北,辽北销售部,辽北销售部,内蒙销售部
内蒙古自治区,赤峰市,元宝山区,赤峰图邦商贸有限责任公司,图邦商贸,北区,NPLF-东北,辽北销售部,辽北销售部,内蒙销售部
内蒙古自治区,赤峰市,松山区,赤峰图邦商贸有限责任公司,图邦商贸,北区,NPLF-东北,辽北销售部,辽北销售部,内蒙销售部
内蒙古自治区,赤峰市,林西县,赤峰图邦商贸有限责任公司,图邦商贸,北区,NPLF-东北,辽北销售部,辽北销售部,内蒙销售部
内蒙古自治区,赤峰市,喀喇沁旗,赤峰图邦商贸有限责任公司,图邦商贸,北区,NPLF-东北,辽北销售部,辽北销售部,内蒙销售部
内蒙古自治区,赤峰市,巴林左旗,赤峰图邦商贸有限责任公司,图邦商贸,北区,NPLF-东北,辽北销售部,辽北销售部,内蒙销售部
内蒙古自治区,赤峰市,敖汉旗,赤峰图邦商贸有限责任公司,图邦商贸,北区,NPLF-东北,辽北销售部,辽北销售部,内蒙销售部
内蒙古自治区,赤峰市,阿鲁科尔沁旗,赤峰图邦商贸有限责任公司,图邦商贸,北区,NPLF-东北,辽北销售部,辽北销售部,内蒙销售部
内蒙古自治区,赤峰市,翁牛特旗,赤峰图邦商贸有限责任公司,图邦商贸,北区,NPLF-东北,辽北销售部,辽北销售部,内蒙销售部
内蒙古自治区,赤峰市,克什克腾旗,赤峰图邦商贸有限责任公司,图邦商贸,北区,NPLF-东北,辽北销售部,辽北销售部,内蒙销售部
内蒙古自治区,赤峰市,巴林右旗,赤峰图邦商贸有限责任公司,图邦商贸,北区,NPLF-东北,辽北销售部,辽北销售部,内蒙销售部
内蒙古自治区,赤峰市,宁城县,赤峰图邦商贸有限责任公司,图邦商贸,北区,NPLF-东北,辽北销售部,辽北销售部,内蒙销售部
内蒙古自治区,赤峰市,其它区,赤峰图邦商贸有限责任公司,图邦商贸,北区,NPLF-东北,辽北销售部,辽北销售部,内蒙销售部
内蒙古自治区,通辽市,科尔沁区,通辽市科尔沁区明仁大街立邦涂料商店,明仁大街,北区,NPLF-东北,辽北销售部,辽北销售部,内蒙销售部
内蒙古自治区,通辽市,霍林郭勒市,通辽市科尔沁区明仁大街立邦涂料商店,明仁大街,北区,NPLF-东北,辽北销售部,辽北销售部,内蒙销售部
内蒙古自治区,通辽市,开鲁县,通辽市科尔沁区明仁大街立邦涂料商店,明仁大街,北区,NPLF-东北,辽北销售部,辽北销售部,内蒙销售部
内蒙古自治区,通辽市,科尔沁左翼中旗,通辽市科尔沁区明仁大街立邦涂料商店,明仁大街,北区,NPLF-东北,辽北销售部,辽北销售部,内蒙销售部
内蒙古自治区,通辽市,科尔沁左翼后旗,通辽市科尔沁区明仁大街立邦涂料商店,明仁大街,北区,NPLF-东北,辽北销售部,辽北销售部,内蒙销售部
内蒙古自治区,通辽市,库伦旗,通辽市科尔沁区明仁大街立邦涂料商店,明仁大街,北区,NPLF-东北,辽北销售部,辽北销售部,内蒙销售部
内蒙古自治区,通辽市,奈曼旗,通辽市科尔沁区明仁大街立邦涂料商店,明仁大街,北区,NPLF-东北,辽北销售部,辽北销售部,内蒙销售部
内蒙古自治区,通辽市,扎鲁特旗,通辽市科尔沁区明仁大街立邦涂料商店,明仁大街,北区,NPLF-东北,辽北销售部,辽北销售部,内蒙销售部
内蒙古自治区,通辽市,其它区,通辽市科尔沁区明仁大街立邦涂料商店,明仁大街,北区,NPLF-东北,辽北销售部,辽北销售部,内蒙销售部
内蒙古自治区,鄂尔多斯市,东胜区,龙威立邦漆仓储销售中心,龙威仓储,北区,NPLF-华北,内蒙销售部,内蒙销售部,内蒙销售部
内蒙古自治区,鄂尔多斯市,准格尔旗,准格尔旗金鑫立邦漆总经销店,准格尔旗金鑫,北区,NPLF-华北,内蒙销售部,内蒙销售部,内蒙销售部
内蒙古自治区,鄂尔多斯市,乌审旗,内蒙无对应经销商,内蒙无对应,北区,NPLF-华北,内蒙销售部,内蒙销售部,内蒙销售部
内蒙古自治区,鄂尔多斯市,伊金霍洛旗,内蒙无对应经销商,内蒙无对应,北区,NPLF-华北,内蒙销售部,内蒙销售部,内蒙销售部
内蒙古自治区,鄂尔多斯市,鄂托克旗,鄂托克旗辉腾涂料经销部,辉腾涂料,北区,NPLF-华北,内蒙销售部,内蒙销售部,内蒙销售部
内蒙古自治区,鄂尔多斯市,鄂托克前旗,内蒙无对应经销商,内蒙无对应,北区,NPLF-华北,内蒙销售部,内蒙销售部,内蒙销售部
内蒙古自治区,鄂尔多斯市,杭锦旗,内蒙无对应经销商,内蒙无对应,北区,NPLF-华北,内蒙销售部,内蒙销售部,内蒙销售部
内蒙古自治区,鄂尔多斯市,达拉特旗,达拉特旗龙威立邦漆销售部,达拉特旗龙威,北区,NPLF-华北,内蒙销售部,内蒙销售部,内蒙销售部
内蒙古自治区,鄂尔多斯市,其它区,内蒙无对应经销商,内蒙无对应,北区,NPLF-华北,内蒙销售部,内蒙销售部,内蒙销售部
内蒙古自治区,呼伦贝尔市,海拉尔区,海拉尔区恒佳装饰材料商店,恒佳装饰,北区,NPLF-东北,黑龙江销售部,黑龙江销售部,内蒙销售部
内蒙古自治区,呼伦贝尔市,满洲里市,满洲里市薄利立邦漆专营店,薄利立邦,北区,NPLF-东北,黑龙江销售部,黑龙江销售部,内蒙销售部
内蒙古自治区,呼伦贝尔市,牙克石市,海拉尔区恒佳装饰材料商店,恒佳装饰,北区,NPLF-东北,黑龙江销售部,黑龙江销售部,内蒙销售部
内蒙古自治区,呼伦贝尔市,扎兰屯市,扎兰屯市立邦木器漆商店,扎兰屯立邦,北区,NPLF-东北,黑龙江销售部,黑龙江销售部,内蒙销售部
内蒙古自治区,呼伦贝尔市,根河市,海拉尔区恒佳装饰材料商店,恒佳装饰,北区,NPLF-东北,黑龙江销售部,黑龙江销售部,内蒙销售部
内蒙古自治区,呼伦贝尔市,额尔古纳市,海拉尔区恒佳装饰材料商店,恒佳装饰,北区,NPLF-东北,黑龙江销售部,黑龙江销售部,内蒙销售部
内蒙古自治区,呼伦贝尔市,陈巴尔虎旗,海拉尔区恒佳装饰材料商店,恒佳装饰,北区,NPLF-东北,黑龙江销售部,黑龙江销售部,内蒙销售部
内蒙古自治区,呼伦贝尔市,阿荣旗,扎兰屯市立邦木器漆商店,扎兰屯立邦,北区,NPLF-东北,黑龙江销售部,黑龙江销售部,内蒙销售部
内蒙古自治区,呼伦贝尔市,新巴尔虎左旗,海拉尔区恒佳装饰材料商店,恒佳装饰,北区,NPLF-东北,黑龙江销售部,黑龙江销售部,内蒙销售部
内蒙古自治区,呼伦贝尔市,新巴尔虎右旗,满洲里市薄利立邦漆专营店,薄利立邦,北区,NPLF-东北,黑龙江销售部,黑龙江销售部,内蒙销售部
内蒙古自治区,呼伦贝尔市,鄂伦春自治旗,加格达奇区晴水油漆,晴水油漆,北区,NPLF-东北,黑龙江销售部,黑龙江销售部,内蒙销售部
内蒙古自治区,呼伦贝尔市,莫力达瓦达斡尔族自治旗,铁峰区国英装饰材料商店,铁峰区国英装饰材料商店,北区,NPLF-东北,黑龙江销售部,黑龙江销售部,内蒙销售部
内蒙古自治区,呼伦贝尔市,鄂温克族自治旗,海拉尔区恒佳装饰材料商店,恒佳装饰,北区,NPLF-东北,黑龙江销售部,黑龙江销售部,内蒙销售部
内蒙古自治区,呼伦贝尔市,其它区,黑龙江无对应经销商,黑龙江无对应,北区,NPLF-东北,黑龙江销售部,黑龙江销售部,内蒙销售部
内蒙古自治区,巴彦淖尔市,临河区,巴彦淖尔市临河区兴旺油漆经销部,巴彦淖尔兴旺,北区,NPLF-华北,内蒙销售部,内蒙销售部,内蒙销售部
内蒙古自治区,巴彦淖尔市,五原县,内蒙无对应经销商,内蒙无对应,北区,NPLF-华北,内蒙销售部,内蒙销售部,内蒙销售部
内蒙古自治区,巴彦淖尔市,磴口县,内蒙无对应经销商,内蒙无对应,北区,NPLF-华北,内蒙销售部,内蒙销售部,内蒙销售部
内蒙古自治区,巴彦淖尔市,杭锦后旗,内蒙无对应经销商,内蒙无对应,北区,NPLF-华北,内蒙销售部,内蒙销售部,内蒙销售部
内蒙古自治区,巴彦淖尔市,乌拉特中旗,内蒙无对应经销商,内蒙无对应,北区,NPLF-华北,内蒙销售部,内蒙销售部,内蒙销售部
内蒙古自治区,巴彦淖尔市,乌拉特前旗,内蒙无对应经销商,内蒙无对应,北区,NPLF-华北,内蒙销售部,内蒙销售部,内蒙销售部
内蒙古自治区,巴彦淖尔市,乌拉特后旗,内蒙无对应经销商,内蒙无对应,北区,NPLF-华北,内蒙销售部,内蒙销售部,内蒙销售部
内蒙古自治区,巴彦淖尔市,其它区,内蒙无对应经销商,内蒙无对应,北区,NPLF-华北,内蒙销售部,内蒙销售部,内蒙销售部
内蒙古自治区,乌兰察布市,集宁区,内蒙无对应经销商,内蒙无对应,北区,NPLF-华北,内蒙销售部,内蒙销售部,内蒙销售部
内蒙古自治区,乌兰察布市,丰镇市,内蒙无对应经销商,内蒙无对应,北区,NPLF-华北,内蒙销售部,内蒙销售部,内蒙销售部
内蒙古自治区,乌兰察布市,兴和县,内蒙无对应经销商,内蒙无对应,北区,NPLF-华北,内蒙销售部,内蒙销售部,内蒙销售部
内蒙古自治区,乌兰察布市,卓资县,内蒙无对应经销商,内蒙无对应,北区,NPLF-华北,内蒙销售部,内蒙销售部,内蒙销售部
内蒙古自治区,乌兰察布市,商都县,内蒙无对应经销商,内蒙无对应,北区,NPLF-华北,内蒙销售部,内蒙销售部,内蒙销售部
内蒙古自治区,乌兰察布市,凉城县,内蒙无对应经销商,内蒙无对应,北区,NPLF-华北,内蒙销售部,内蒙销售部,内蒙销售部
内蒙古自治区,乌兰察布市,化德县,内蒙无对应经销商,内蒙无对应,北区,NPLF-华北,内蒙销售部,内蒙销售部,内蒙销售部
内蒙古自治区,乌兰察布市,四子王旗,内蒙无对应经销商,内蒙无对应,北区,NPLF-华北,内蒙销售部,内蒙销售部,内蒙销售部
内蒙古自治区,乌兰察布市,察哈尔右翼前旗,内蒙无对应经销商,内蒙无对应,北区,NPLF-华北,内蒙销售部,内蒙销售部,内蒙销售部
内蒙古自治区,乌兰察布市,察哈尔右翼中旗,内蒙无对应经销商,内蒙无对应,北区,NPLF-华北,内蒙销售部,内蒙销售部,内蒙销售部
内蒙古自治区,乌兰察布市,察哈尔右翼后旗,内蒙无对应经销商,内蒙无对应,北区,NPLF-华北,内蒙销售部,内蒙销售部,内蒙销售部
内蒙古自治区,乌兰察布市,其它区,内蒙无对应经销商,内蒙无对应,北区,NPLF-华北,内蒙销售部,内蒙销售部,内蒙销售部
内蒙古自治区,锡林郭勒盟,锡林浩特市,内蒙无对应经销商,内蒙无对应,北区,NPLF-华北,内蒙销售部,内蒙销售部,内蒙销售部
内蒙古自治区,锡林郭勒盟,二连浩特市,内蒙无对应经销商,内蒙无对应,北区,NPLF-华北,内蒙销售部,内蒙销售部,内蒙销售部
内蒙古自治区,锡林郭勒盟,多伦县,内蒙无对应经销商,内蒙无对应,北区,NPLF-华北,内蒙销售部,内蒙销售部,内蒙销售部
内蒙古自治区,锡林郭勒盟,阿巴嘎旗,内蒙无对应经销商,内蒙无对应,北区,NPLF-华北,内蒙销售部,内蒙销售部,内蒙销售部
内蒙古自治区,锡林郭勒盟,西乌珠穆沁旗,内蒙无对应经销商,内蒙无对应,北区,NPLF-华北,内蒙销售部,内蒙销售部,内蒙销售部
内蒙古自治区,锡林郭勒盟,东乌珠穆沁旗,内蒙无对应经销商,内蒙无对应,北区,NPLF-华北,内蒙销售部,内蒙销售部,内蒙销售部
内蒙古自治区,锡林郭勒盟,苏尼特左旗,内蒙无对应经销商,内蒙无对应,北区,NPLF-华北,内蒙销售部,内蒙销售部,内蒙销售部
内蒙古自治区,锡林郭勒盟,苏尼特右旗,内蒙无对应经销商,内蒙无对应,北区,NPLF-华北,内蒙销售部,内蒙销售部,内蒙销售部
内蒙古自治区,锡林郭勒盟,太仆寺旗,内蒙无对应经销商,内蒙无对应,北区,NPLF-华北,内蒙销售部,内蒙销售部,内蒙销售部
内蒙古自治区,锡林郭勒盟,正镶白旗,内蒙无对应经销商,内蒙无对应,北区,NPLF-华北,内蒙销售部,内蒙销售部,内蒙销售部
内蒙古自治区,锡林郭勒盟,正蓝旗,内蒙无对应经销商,内蒙无对应,北区,NPLF-华北,内蒙销售部,内蒙销售部,内蒙销售部
内蒙古自治区,锡林郭勒盟,镶黄旗,内蒙无对应经销商,内蒙无对应,北区,NPLF-华北,内蒙销售部,内蒙销售部,内蒙销售部
内蒙古自治区,锡林郭勒盟,其它区,内蒙无对应经销商,内蒙无对应,北区,NPLF-华北,内蒙销售部,内蒙销售部,内蒙销售部
内蒙古自治区,兴安盟,乌兰浩特市,乌兰浩特市地利装饰有限责任公司,地利装饰,北区,NPLF-东北,吉林销售部,吉林销售部,内蒙销售部
内蒙古自治区,兴安盟,阿尔山市,吉林无对应经销商,吉林无对应,北区,NPLF-东北,吉林销售部,吉林销售部,内蒙销售部
内蒙古自治区,兴安盟,突泉县,乌兰浩特市地利装饰有限责任公司,地利装饰,北区,NPLF-东北,吉林销售部,吉林销售部,内蒙销售部
内蒙古自治区,兴安盟,扎赉特旗,乌兰浩特市地利装饰有限责任公司,地利装饰,北区,NPLF-东北,吉林销售部,吉林销售部,内蒙销售部
内蒙古自治区,兴安盟,科尔沁右翼前旗,吉林无对应经销商,吉林无对应,北区,NPLF-东北,吉林销售部,吉林销售部,内蒙销售部
内蒙古自治区,兴安盟,科尔沁右翼中旗,吉林无对应经销商,吉林无对应,北区,NPLF-东北,吉林销售部,吉林销售部,内蒙销售部
内蒙古自治区,兴安盟,其它区,吉林无对应经销商,吉林无对应,北区,NPLF-东北,吉林销售部,吉林销售部,内蒙销售部
内蒙古自治区,阿拉善盟,阿拉善左旗,内蒙无对应经销商,内蒙无对应,北区,NPLF-华北,内蒙销售部,内蒙销售部,内蒙销售部
内蒙古自治区,阿拉善盟,阿拉善右旗,内蒙无对应经销商,内蒙无对应,北区,NPLF-华北,内蒙销售部,内蒙销售部,内蒙销售部
内蒙古自治区,阿拉善盟,额济纳旗,内蒙无对应经销商,内蒙无对应,北区,NPLF-华北,内蒙销售部,内蒙销售部,内蒙销售部
内蒙古自治区,阿拉善盟,其它区,内蒙无对应经销商,内蒙无对应,北区,NPLF-华北,内蒙销售部,内蒙销售部,内蒙销售部
北京市,北京市,东城区,北京美涂美家涂料经营部,北京美涂美家,北区,NPLF-华北,北京销售部,北京销售部,北京销售部
北京市,北京市,西城区,北京美涂美家涂料经营部,北京美涂美家,北区,NPLF-华北,北京销售部,北京销售部,北京销售部
北京市,北京市,丰台区,北京美涂美家涂料经营部,北京美涂美家,北区,NPLF-华北,北京销售部,北京销售部,北京销售部
北京市,北京市,崇文区,北京美涂美家涂料经营部,北京美涂美家,北区,NPLF-华北,北京销售部,北京销售部,北京销售部
北京市,北京市,宣武区,北京美涂美家涂料经营部,北京美涂美家,北区,NPLF-华北,北京销售部,北京销售部,北京销售部
北京市,北京市,朝阳区,北京北冶钢联贸易有限公司,北京北冶,北区,NPLF-华北,北京销售部,北京销售部,北京销售部
北京市,北京市,顺义区,北京正坤达商贸有限公司,北京正坤达,北区,NPLF-华北,京郊销售部,京郊销售部,北京销售部
北京市,北京市,房山区,北京正坤达商贸有限公司,北京正坤达,北区,NPLF-华北,京郊销售部,京郊销售部,北京销售部
北京市,北京市,大兴区,北京正坤达商贸有限公司,北京正坤达,北区,NPLF-华北,京郊销售部,京郊销售部,北京销售部
北京市,北京市,通州区,北京新龙塑料包装制品厂,北京新龙,北区,NPLF-华北,京郊销售部,京郊销售部,北京销售部
北京市,北京市,海淀区,北京玉泉营京玉顺涂料经营部,北京玉泉,北区,NPLF-华北,北京销售部,北京销售部,北京销售部
北京市,北京市,石景山区,北京钰鑫杰科技发展有限公司,北京钰鑫杰,北区,NPLF-华北,京郊销售部,京郊销售部,北京销售部
北京市,北京市,昌平区,北京越鑫伟业商贸中心,越鑫伟业,北区,NPLF-华北,京郊销售部,京郊销售部,北京销售部
北京市,北京市,门头沟区,北京钰鑫杰科技发展有限公司,北京钰鑫杰,北区,NPLF-华北,京郊销售部,京郊销售部,北京销售部
北京市,北京市,怀柔区,北京瑞鑫特商贸有限公司,北京瑞鑫特,北区,NPLF-华北,京郊销售部,京郊销售部,北京销售部
北京市,北京市,平谷区,北京广兴晟业商贸有限公司,北京广兴晟业,北区,NPLF-华北,京郊销售部,京郊销售部,北京销售部
北京市,北京市,延庆县,北京旺通华顺商贸有限公司,北京旺通华顺,北区,NPLF-华北,京郊销售部,京郊销售部,北京销售部
北京市,北京市,密云县,北京鑫密东门建筑材料有限公司,北京鑫密东门,北区,NPLF-华北,京郊销售部,京郊销售部,北京销售部
北京市,北京市,其他区,北京新龙塑料包装制品厂,北京新龙,北区,NPLF-华北,京郊销售部,京郊销售部,北京销售部
天津,天津,和平区,天津双江商贸发展有限公司,双江商贸,北区,NPLF-华北,天津销售部,天津销售部,天津销售部
天津,天津,河东区,天津双江商贸发展有限公司,双江商贸,北区,NPLF-华北,天津销售部,天津销售部,天津销售部
天津,天津,河西区,天津双江商贸发展有限公司,双江商贸,北区,NPLF-华北,天津销售部,天津销售部,天津销售部
天津,天津,南开区,天津双江商贸发展有限公司,双江商贸,北区,NPLF-华北,天津销售部,天津销售部,天津销售部
天津,天津,河北区,天津双江商贸发展有限公司,双江商贸,北区,NPLF-华北,天津销售部,天津销售部,天津销售部
天津,天津,红桥区,天津双江商贸发展有限公司,双江商贸,北区,NPLF-华北,天津销售部,天津销售部,天津销售部
天津,天津,东丽区,天津双江商贸发展有限公司,双江商贸,北区,NPLF-华北,天津销售部,天津销售部,天津销售部
天津,天津,西青区,天津双江商贸发展有限公司,双江商贸,北区,NPLF-华北,天津销售部,天津销售部,天津销售部
天津,天津,北辰区,天津双江商贸发展有限公司,双江商贸,北区,NPLF-华北,天津销售部,天津销售部,天津销售部
天津,天津,塘沽区,天津市天勃霖贸易有限公司,天津天勃霖,北区,NPLF-华北,天津销售部,天津销售部,天津销售部
天津,天津,汉沽区,天津市滨海新区汉沽绿色空间装饰材料经营部,绿色空间,北区,NPLF-华北,天津销售部,天津销售部,天津销售部
天津,天津,大港区,天津市大港区天祥装饰材料商行,天祥装饰,北区,NPLF-华北,天津销售部,天津销售部,天津销售部
天津,天津,津南区,天津晓强商贸有限公司,晓强商贸,北区,NPLF-华北,天津销售部,天津销售部,天津销售部
天津,天津,武清区,天津市武清区赢乐,天津赢乐,北区,NPLF-华北,天津销售部,天津销售部,天津销售部
天津,天津,宝坻区,天津市宝坻县华丽油漆店,华丽油漆,北区,NPLF-华北,天津销售部,天津销售部,天津销售部
天津,天津,静海县,静海夫源装饰材料门市部,静海夫源,北区,NPLF-华北,天津销售部,天津销售部,天津销售部
天津,天津,宁河县,天津市宁河县异彩油漆商店,宁河异彩,北区,NPLF-华北,天津销售部,天津销售部,天津销售部
天津,天津,滨海新区,天津无对应经销商,天津无对应,北区,NPLF-华北,天津销售部,天津销售部,天津销售部
天津,天津,蓟县,蓟县漆彩虹油漆总汇,蓟县漆彩虹,北区,NPLF-华北,天津销售部,天津销售部,天津销售部
天津,天津,其它区,天津无对应经销商,天津无对应,北区,NPLF-华北,天津销售部,天津销售部,天津销售部
天津,天津,蓟　县,蓟县漆彩虹油漆总汇,蓟县漆彩虹,北区,NPLF-华北,天津销售部,天津销售部,天津销售部
河北,唐山,路南区,唐山浩博,唐山浩博,北区,NPLF-华北,天津销售部,天津销售部,冀北销售部
河北,唐山,路北区,唐山浩博,唐山浩博,北区,NPLF-华北,天津销售部,天津销售部,冀北销售部
河北,唐山,古冶区,唐山市古冶区林西新颖涂料店,新颖涂料,北区,NPLF-华北,天津销售部,天津销售部,冀北销售部
河北,唐山,开平区,唐山市丰润区高得丽建材经销处,高得丽建材,北区,NPLF-华北,天津销售部,天津销售部,冀北销售部
河北,唐山,丰润区,唐山市丰润区高得丽建材经销处,高得丽建材,北区,NPLF-华北,天津销售部,天津销售部,冀北销售部
河北,唐山,丰南区,唐山丰南区厚丰建材装饰城,厚丰建材,北区,NPLF-华北,天津销售部,天津销售部,冀北销售部
河北,唐山,遵化市,遵化市文化北路志刚建材商店,志刚建材,北区,NPLF-华北,天津销售部,天津销售部,冀北销售部
河北,唐山,迁安市,迁安市东汇装饰材料城,东汇装饰,北区,NPLF-华北,天津销售部,天津销售部,冀北销售部
河北,唐山,迁西县,迁西县城关宝荣木地板经销部,宝荣木地板,北区,NPLF-华北,天津销售部,天津销售部,冀北销售部
河北,唐山,滦南县,滦南县奔城立光装饰装璜材料门市部,立光装饰,北区,NPLF-华北,天津销售部,天津销售部,冀北销售部
河北,唐山,玉田县,玉田县玉田镇玉平商店,玉田镇玉平,北区,NPLF-华北,天津销售部,天津销售部,冀北销售部
河北,唐山,唐海县,唐海镇振兴装潢装饰材料店,振兴装潢,北区,NPLF-华北,天津销售部,天津销售部,冀北销售部
河北,唐山,乐亭县,乐亭兴泰,乐亭兴泰,北区,NPLF-华北,天津销售部,天津销售部,冀北销售部
河北,唐山,滦县,滦南县新居装饰装璜材料门市部,新居装饰,北区,NPLF-华北,天津销售部,天津销售部,冀北销售部
河北,唐山,其它区,天津无对应经销商,天津无对应,北区,NPLF-华北,天津销售部,天津销售部,冀北销售部
河北,秦皇岛,海港区,秦皇岛市腾祥贸易有限公司,腾祥贸易,北区,NPLF-华北,天津销售部,天津销售部,冀北销售部
河北,秦皇岛,山海关区,秦皇岛市宝盛业装饰材料有限公司,盛业装饰,北区,NPLF-华北,天津销售部,天津销售部,冀北销售部
河北,秦皇岛,北戴河区,秦皇岛辉源装饰材料商店,辉源装饰,北区,NPLF-华北,天津销售部,天津销售部,冀北销售部
河北,秦皇岛,昌黎县,昌黎县富彩装饰材料经营部,富彩装饰,北区,NPLF-华北,天津销售部,天津销售部,冀北销售部
河北,秦皇岛,卢龙县,秦皇岛卢龙东枫,卢龙东枫,北区,NPLF-华北,天津销售部,天津销售部,冀北销售部
河北,秦皇岛,经济技术开发区,秦皇岛市腾祥贸易有限公司,腾祥贸易,北区,NPLF-华北,天津销售部,天津销售部,冀北销售部
河北,秦皇岛,抚宁县,抚宁县牛头崖福泰建筑装饰材料商店,福泰建筑,北区,NPLF-华北,天津销售部,天津销售部,冀北销售部
河北,秦皇岛,青龙满族自治县,青龙满族自治县中大装饰有限公司,中大装饰,北区,NPLF-华北,天津销售部,天津销售部,冀北销售部
河北,秦皇岛,其它区,天津无对应经销商,天津无对应,北区,NPLF-华北,天津销售部,天津销售部,冀北销售部
河北,沧州,新华区,沧州市鑫鑫立邦漆有限公司,沧州鑫鑫,北区,NPLF-华北,河北销售部,河北销售部,冀北销售部
河北,沧州,运河区,沧州市鑫鑫立邦漆有限公司,沧州鑫鑫,北区,NPLF-华北,河北销售部,河北销售部,冀北销售部
河北,沧州,泊头市,河北省泊头市环宇装饰处,泊头环宇,北区,NPLF-华北,河北销售部,河北销售部,冀北销售部
河北,沧州,任丘市,任丘市冀丰装饰材料商店,任丘冀丰,北区,NPLF-华北,河北销售部,河北销售部,冀北销售部
河北,沧州,黄骅市,黄骅市华元装饰材料商行,黄骅华元,北区,NPLF-华北,河北销售部,河北销售部,冀北销售部
河北,沧州,沧县,沧州市鑫鑫立邦漆有限公司,沧州鑫鑫,北区,NPLF-华北,河北销售部,河北销售部,冀北销售部
河北,沧州,河间市,河间市先进立邦漆工程处,河间先进,北区,NPLF-华北,河北销售部,河北销售部,冀北销售部
河北,沧州,青县,青县立邦漆专卖店,青县立邦,北区,NPLF-华北,河北销售部,河北销售部,冀北销售部
河北,沧州,献县,沧州市鑫鑫立邦漆有限公司,沧州鑫鑫,北区,NPLF-华北,河北销售部,河北销售部,冀北销售部
河北,沧州,东光县,河北省泊头市环宇装饰处,泊头环宇,北区,NPLF-华北,河北销售部,河北销售部,冀北销售部
河北,沧州,海兴县,海兴县城关永兴五金油漆门市部,海兴永兴,北区,NPLF-华北,河北销售部,河北销售部,冀北销售部
河北,沧州,盐山县,盐山县汇林装饰有限公司,盐山汇林,北区,NPLF-华北,河北销售部,河北销售部,冀北销售部
河北,沧州,肃宁县,肃宁县立邦漆专卖店,肃宁立邦,北区,NPLF-华北,河北销售部,河北销售部,冀北销售部
河北,沧州,南皮县,河北省泊头市环宇装饰处,泊头环宇,北区,NPLF-华北,河北销售部,河北销售部,冀北销售部
河北,沧州,吴桥县,河北省泊头市环宇装饰处,泊头环宇,北区,NPLF-华北,河北销售部,河北销售部,冀北销售部
河北,沧州,孟村回族自治县,盐山县汇林装饰有限公司,盐山汇林,北区,NPLF-华北,河北销售部,河北销售部,冀北销售部
河北,沧州,其它区,沧州市鑫鑫立邦漆有限公司,沧州鑫鑫,北区,NPLF-华北,河北销售部,河北销售部,冀北销售部
河北,廊坊,安次区,廊坊市新世纪步行街金彩涂装设备经营,廊坊新世纪,北区,NPLF-华北,河北销售部,河北销售部,冀北销售部
河北,廊坊,广阳区,廊坊市新世纪步行街金彩涂装设备经营,廊坊新世纪,北区,NPLF-华北,河北销售部,河北销售部,冀北销售部
河北,廊坊,三河市,三河市重信装饰城,三河重信,北区,NPLF-华北,河北销售部,河北销售部,冀北销售部
河北,廊坊,霸州市,霸州市顺天达油漆五金门市部,霸州顺天达,北区,NPLF-华北,河北销售部,河北销售部,冀北销售部
河北,廊坊,固安县,固安县固安镇金鼎装饰材料大全,固安金鼎,北区,NPLF-华北,河北销售部,河北销售部,冀北销售部
河北,廊坊,永清县,永清县城内金辉装饰材料门市部,永清金辉,北区,NPLF-华北,河北销售部,河北销售部,冀北销售部
河北,廊坊,香河县,香河富盛隆装饰工程有限公司,香河富盛隆,北区,NPLF-华北,河北销售部,河北销售部,冀北销售部
河北,廊坊,大城县,大城县津保西路丽华装饰材料门市部,大城津保,北区,NPLF-华北,河北销售部,河北销售部,冀北销售部
河北,廊坊,开发区,廊坊市新世纪步行街金彩涂装设备经营,廊坊新世纪,北区,NPLF-华北,河北销售部,河北销售部,冀北销售部
河北,廊坊,燕郊经济技术开发区,三河市祥云装饰材料商店,祥云装饰,北区,NPLF-华北,河北销售部,河北销售部,冀北销售部
河北,廊坊,文安县,文安县三兄弟装饰店,文安三兄弟,北区,NPLF-华北,河北销售部,河北销售部,冀北销售部
河北,廊坊,大厂回族自治县,三河市祥云装饰材料商店,祥云装饰,北区,NPLF-华北,河北销售部,河北销售部,冀北销售部
河北,廊坊,其它区,廊坊市新世纪步行街金彩涂装设备经营,廊坊新世纪,北区,NPLF-华北,河北销售部,河北销售部,冀北销售部
河北,衡水,桃城区,衡水市桃城区真美装饰材料门市部,真美装饰,北区,NPLF-华北,河北销售部,河北销售部,冀北销售部
河北,衡水,冀州市,廊坊市新世纪步行街金彩涂装设备经营,廊坊新世纪,北区,NPLF-华北,河北销售部,河北销售部,冀北销售部
河北,衡水,深州市,安平县闫会沃装修材料大全,安平闫会,北区,NPLF-华北,河北销售部,河北销售部,冀北销售部
河北,衡水,饶阳县,安平县闫会沃装修材料大全,安平闫会,北区,NPLF-华北,河北销售部,河北销售部,冀北销售部
河北,衡水,枣强县,枣强县富强油漆店,枣强富强,北区,NPLF-华北,河北销售部,河北销售部,冀北销售部
河北,衡水,故城县,故城县郑口兴达油漆五金商店,故城兴达,北区,NPLF-华北,河北销售部,河北销售部,冀北销售部
河北,衡水,阜城县,故城县郑口兴达油漆五金商店,故城兴达,北区,NPLF-华北,河北销售部,河北销售部,冀北销售部
河北,衡水,安平县,安平县闫会沃装修材料大全,安平闫会,北区,NPLF-华北,河北销售部,河北销售部,冀北销售部
河北,衡水,武邑县,枣强县富强油漆店,枣强富强,北区,NPLF-华北,河北销售部,河北销售部,冀北销售部
河北,衡水,景县,故城县郑口兴达油漆五金商店,故城兴达,北区,NPLF-华北,河北销售部,河北销售部,冀北销售部
河北,衡水,武强县,枣强县富强油漆店,枣强富强,北区,NPLF-华北,河北销售部,河北销售部,冀北销售部
河北,衡水,其它区,衡水市桃城区真美装饰材料门市部,真美装饰,北区,NPLF-华北,河北销售部,河北销售部,冀北销售部
河北,承德,双桥区,承德市双桥信诚装饰材料经销部,信诚装饰,北区,NPLF-华北,河北销售部,河北销售部,冀北销售部
河北,承德,双滦区,承德市双桥信诚装饰材料经销部,信诚装饰,北区,NPLF-华北,河北销售部,河北销售部,冀北销售部
河北,承德,鹰手营子矿区,兴隆县家园装饰材料城,兴隆家园,北区,NPLF-华北,河北销售部,河北销售部,冀北销售部
河北,承德,承德县,承德县鑫园建材装饰商店,承德县鑫园,北区,NPLF-华北,河北销售部,河北销售部,冀北销售部
河北,承德,兴隆县,兴隆县家园装饰材料城,兴隆家园,北区,NPLF-华北,河北销售部,河北销售部,冀北销售部
河北,承德,隆化县,隆化金龙建材,隆化金龙,北区,NPLF-华北,河北销售部,河北销售部,冀北销售部
河北,承德,平泉县,承德市平泉富森建材家具商行,平泉富森,北区,NPLF-华北,河北销售部,河北销售部,冀北销售部
河北,承德,滦平县,承德市双桥信诚装饰材料经销部,信诚装饰,北区,NPLF-华北,河北销售部,河北销售部,冀北销售部
河北,承德,丰宁满族自治县,围场满族蒙古族自治县围场镇家世界装,围场镇家,北区,NPLF-华北,河北销售部,河北销售部,冀北销售部
河北,承德,围场满族蒙古族自治县,围场满族蒙古族自治县围场镇家世界装,围场镇家,北区,NPLF-华北,河北销售部,河北销售部,冀北销售部
河北,承德,宽城满族自治县,宽城金巢装潢建材商城,宽城金巢,北区,NPLF-华北,河北销售部,河北销售部,冀北销售部
河北,承德,其它区,承德市双桥信诚装饰材料经销部,信诚装饰,北区,NPLF-华北,河北销售部,河北销售部,冀北销售部
