网络专供区,荷净全效 内墙乳胶漆 套装,1套,1792,999,1592,1592,I1P02L10105C4V04,1592
网络专供区,净享居竹炭五合一 套装,1套,1192,699,1192,699,I1P18L40063C4V04,618
网络专供区,净享居竹炭易洁 套装,1套,872,599,872,599,I1P18L50061C4V04,599
网络专供区,净享居竹炭易洁内墙乳胶漆,18L,788,788,788,788,I1P18L50102C4V07,788
网络专供区,净享居竹炭易洁内墙乳胶漆,5L,268,268,268,268,I1P18L50060C4V03,268
网络专供区,净享居瓷净全效内墙乳胶漆,5L,888,,888,,I1P18L10112C4V03,
网络专供区,净享居竹炭五合一内墙乳胶漆,5L,428,428,428,428,I1P18L40062C4V03,428
网络专供区,净享居抗甲醛五合一 内墙乳胶漆 5L,5L,,,538,538,I1P18L20110C4V04,
网络专供区,净享居抗甲醛五合一 内墙乳胶漆 套装,1套,,,1399,899,I1P18L20109C4V03,
内墙乳胶漆,荷净净味全效 套装,1套,1434,1434,1592,1076,I1P11L10004C4V04,
内墙乳胶漆,净味120防潮/易擦洗 套装,1套,834,608,834,608,I1P01L40052C4V04,608
内墙乳胶漆,净味120竹炭五合一 套装,1套,1054,918,1312,836,I1P11L20006C4V04,1312
内墙乳胶漆,弹性抗裂净味全效 套装,1套,1774,1774,1952,1952,I1P11L10001C4V04,1952
内墙乳胶漆,超亚光净味五合一 套装,1套,874,874,874,874,I1P11L20007C4V04,1272
内墙乳胶漆,抗甲醛净味五合一 套装,1套,1194,1488,1488,1488,I1P11L20009C4V04,898
内墙乳胶漆,抗甲醛净味全效 套装,1套,1694,1694,1792,1792,I1P11L10002C4V04,1792
内墙乳胶漆,净味120硅藻内墙乳胶漆,5L,528,528,628,628,I1P01L20053C4V03,628
内墙乳胶漆,抗甲醛净味五合一,5L,478,398,636,636,I1P03L20014C4V03,636
内墙乳胶漆,净味120防潮/易擦洗 内墙乳胶漆,15L,688,482,688,482,I1P01L40016C4V04,688
内墙乳胶漆,净味120二合一 内墙乳胶漆,18L,528,528,528,528,I1P01L50047C0V07,528
内墙乳胶漆,净味120竹炭五合一 内墙乳胶漆,5L,408,378,576,576,I1P01L20005C4V03,576
内墙乳胶漆,净味120二合一 内墙乳胶漆,15L,428,388,428,388,I1P01L50046C0V04,388
内墙乳胶漆,超亚光净味五合一 内墙乳胶漆,18L,798,798,798,798,I1P03L20055C4V07,
内墙乳胶漆,墙面卫士“净味全能”底漆 内墙乳胶漆,15L,585,585,585,585,I1P05L30018C0V04,585
内墙乳胶漆,净味120五合一 内墙乳胶漆,5L,458,328,458,388,I1P01L20013C4V03,328
内墙乳胶漆,净味底漆 内墙乳胶漆,5L,468,468,468,468,I1P05L10019C0V03,468
内墙乳胶漆,墙面卫士“净味全能”底漆 内墙乳胶漆,5L,336,336,336,336,I1P05L30017C0V03,336
内墙乳胶漆,荷净全效 内墙乳胶漆 ,5L,598,528,736,736,I1P02L10003C4V03,736
内墙乳胶漆,净味全效 内墙乳胶漆,5L,448,398,680,408,I1P02L20012C4V03,408
内墙乳胶漆,净味120防潮/易擦洗 内墙乳胶漆,5L,298,209,298,209,I1P01L40015C4V03,209
内墙乳胶漆,超亚光净味五合一 内墙乳胶漆,15L,668,668,668,668,I1P03L20054C4V04,
内墙乳胶漆,超亚光净味五合一 内墙乳胶漆,5L,318,318,318,318,I1P03L20008C4V03,468
内墙乳胶漆,弹性抗裂净味全效 内墙乳胶漆,5L,768,768,716,716,I1P02L10010C4V03,716
内墙乳胶漆,抗甲醛净味全效 内墙乳胶漆,5L,728,728,816,816,I1P02L10011C4V03,816
内墙乳胶漆,净味120二合一 内墙乳胶漆,5L,168,158,198,158,I1P01L50045C0V03,158
内墙乳胶漆,立邦弹性抗裂净味5合1 内墙 乳胶漆 套装,1套,,,1576,1576,I1P03L20070C4V03,
内墙乳胶漆,净味120五合一套装 内墙乳胶漆套装,1套,,,1154,1154,I1P01L20057C4V04,1154
外墙乳胶漆,梦幻千色 外墙乳胶漆,0.9L,98,98,98,98,E1P07L20030C4V01,98
外墙乳胶漆,梦幻千色 外墙乳胶漆,4.5L,416,374,416,416,E1P07L20029C4V02,416
外墙乳胶漆,屋得保 耐候 外墙底漆,16L,588,588,588,588,E1P06L10032C4V05,588
外墙乳胶漆,梦幻千色 外墙乳胶漆,17L,1180,1180,1180,1180,E1P07L20031C4V06,1180
外墙乳胶漆,屋得保 耐候 外墙面漆,16L,760,760,760,760,E1P06L10033C4V05,760
木器漆,梦幻雪颜多功能8系白漆 套装,1套,510,358,510,358,W1P08L20022C0W01,358
木器漆,梦幻雪颜多功能8系白底漆 套装,1套,470,318,470,338,W1P08L20023C0W01,338
木器漆,丝莹/晶透6系底漆 套装,1套,490,388,490,388,W1P08L20021C0W01,388
木器漆,丝莹/晶透6系清漆 套装,1套,550,418,550,418,W1P08L20020C0W01,418
木器漆,木器漆1687清雅1系 底漆,5kg,295,295,470,298,W1P08L40024C0W01,
木器漆,木器漆清雅1系半光1687 面漆 5kg,5kg,,,510,318,W1P08L40025C0W01,
DIY色彩系列,缤纷迷你涂料 12色,1套,298,202,288,198,I1P04L10026C0V01,198
DIY色彩系列,缤纷迷你涂料+搭配模板,1套,343,343,343,343,I1P04L10106C0V01,
DIY色彩系列,喷得丽水性喷漆 10色,1支,98,49,98,98,I1P04L10028C0V01,98
DIY色彩系列,喷得丽水性环保喷漆 荧光色,1支,109,109,196,99,I1P04L10095C0V01,99
DIY色彩系列,缤纷迷你油漆涂料搭配模板,1个,55,55,55,55,I1P04L10056C0V00,55
DIY色彩系列,彩色实木小椅子,1个,,,288,288,O1P04L10113C0V00,
辅助材料,柔性防水浆料（水立方）,5kg,148,148,198,148,A1P14L20048C0W01,148
辅助材料,涂刷礼包（滚筒RC9599 9寸1把+羊毛刷BW-1100 4寸1把）,1套,60,60,60,54,A1P12L60059C0V00,54
辅助材料,滚筒RC9599 2把装,1组,48,48,84,84,A1P12L60034C0V00,84
辅助材料,羊毛刷BW-1100 4寸*3把装,1组,38,38,38,38,A1P12L60042C0V00,38
辅助材料,羊毛刷BW-1075 3寸*3把装,1组,32,32,32,32,A1P12L60044C0V00,32
辅助材料,和纸胶带 2.4cmX18m 五卷装,1个,83,83,83,83,A1P12L60035C0V00,83
辅助材料,纯天然猪鬃刷 2寸*3把装,1组,52,52,52,52,A1P12L60040C0V00,52
辅助材料,美纹纸胶带（六卷*2桶装）2.4cm*20m,1组,71,71,71,71,A1P12L60038C0V00,71
辅助材料,接缝纸带52mm*75m,1个,33,33,33,33,A1P12L60043C0V00,33
辅助材料,高级弹性丝刷 100mm（4寸）3把装,1组,20,20,,,A1P12L60039C0V00,
辅助材料,羊毛刷BW-1120 5寸*3把装,1组,49,49,49,49,A1P12L60041C0V00,49
辅助材料,墙面漆辅助工具 纯天然猪鬓刷3寸 3把装,1组,,,81,81,A1P12L60037C0V00,
辅助材料,创意涂鸦DIY 喷得丽水性环保喷漆 ,2支,,,196,99,I1P04L10058C0V01,
辅助材料,涂刷辅料3件套 和纸胶带(7卷装)+滚筒1把+毛刷(4寸)1把,,,,143,99,A1P12L60103C0V00,
辅助材料,立柔性浆料 防水产品 水立防18kg ,18kg,,,596,596,A1P14L20111C0W03,
辅助材料,和纸胶带 1.8cmX18m 七卷装,1个,83,83,83,83,A1P12L60036C0V00,83