北京,北京市,东城区,北京榕旭嘉建材经营部,经销商
北京,北京市,西城区,北京榕旭嘉建材经营部,经销商
北京,北京市,崇文区,北京榕旭嘉建材经营部,经销商
北京,北京市,宣武区,北京榕旭嘉建材经营部,经销商
北京,北京市,朝阳区,北京榕旭嘉建材经营部,经销商
北京,北京市,丰台区,北京榕旭嘉建材经营部,经销商
北京,北京市,石景山区,北京榕旭嘉建材经营部,经销商
北京,北京市,海淀区,北京榕旭嘉建材经营部,经销商
北京,北京市,门头沟区,北京榕旭嘉建材经营部,经销商
北京,北京市,房山区,北京榕旭嘉建材经营部,经销商
北京,北京市,通州区,北京榕旭嘉建材经营部,经销商
北京,北京市,顺义区,北京榕旭嘉建材经营部,经销商
北京,北京市,昌平区,北京榕旭嘉建材经营部,经销商
北京,北京市,大兴区,北京榕旭嘉建材经营部,经销商
北京,北京市,怀柔区,北京榕旭嘉建材经营部,经销商
北京,北京市,平谷区,北京榕旭嘉建材经营部,经销商
北京,北京市,密云县,北京榕旭嘉建材经营部,经销商
北京,北京市,延庆县,北京榕旭嘉建材经营部,经销商
北京,北京市,其它区,北京榕旭嘉建材经营部,经销商
天津,天津市,和平区,天津顶顶好装饰材料经营部,经销商
天津,天津市,河东区,天津顶顶好装饰材料经营部,经销商
天津,天津市,河西区,天津顶顶好装饰材料经营部,经销商
天津,天津市,南开区,天津顶顶好装饰材料经营部,经销商
天津,天津市,河北区,天津顶顶好装饰材料经营部,经销商
天津,天津市,红桥区,天津顶顶好装饰材料经营部,经销商
天津,天津市,塘沽区,天津顶顶好装饰材料经营部,经销商
天津,天津市,汉沽区,上海好心情装饰材料有限公司,中铁
天津,天津市,大港区,天津顶顶好装饰材料经营部,经销商
天津,天津市,东丽区,天津顶顶好装饰材料经营部,经销商
天津,天津市,西青区,天津顶顶好装饰材料经营部,经销商
天津,天津市,津南区,天津顶顶好装饰材料经营部,经销商
天津,天津市,北辰区,天津顶顶好装饰材料经营部,经销商
天津,天津市,武清区,上海好心情装饰材料有限公司,中铁
天津,天津市,宝坻区,上海好心情装饰材料有限公司,中铁
天津,天津市,滨海新区,上海好心情装饰材料有限公司,中铁
天津,天津市,宁河县,上海好心情装饰材料有限公司,中铁
天津,天津市,静海县,上海好心情装饰材料有限公司,中铁
天津,天津市,蓟县,上海好心情装饰材料有限公司,中铁
天津,天津市,其它区,上海好心情装饰材料有限公司,中铁
河北省,石家庄市,长安区,石家庄新永诺经贸有限公司,经销商
河北省,石家庄市,桥东区,石家庄新永诺经贸有限公司,经销商
河北省,石家庄市,桥西区,石家庄新永诺经贸有限公司,经销商
河北省,石家庄市,新华区,石家庄新永诺经贸有限公司,经销商
河北省,石家庄市,井陉矿区,上海好心情装饰材料有限公司,中铁
河北省,石家庄市,裕华区,石家庄新永诺经贸有限公司,经销商
河北省,石家庄市,井陉县,上海好心情装饰材料有限公司,中铁
河北省,石家庄市,正定县,上海好心情装饰材料有限公司,中铁
河北省,石家庄市,栾城县,上海好心情装饰材料有限公司,中铁
河北省,石家庄市,行唐县,上海好心情装饰材料有限公司,中铁
河北省,石家庄市,灵寿县,上海好心情装饰材料有限公司,中铁
河北省,石家庄市,高邑县,上海好心情装饰材料有限公司,中铁
河北省,石家庄市,深泽县,上海好心情装饰材料有限公司,中铁
河北省,石家庄市,赞皇县,上海好心情装饰材料有限公司,中铁
河北省,石家庄市,无极县,上海好心情装饰材料有限公司,中铁
河北省,石家庄市,平山县,上海好心情装饰材料有限公司,中铁
河北省,石家庄市,元氏县,上海好心情装饰材料有限公司,中铁
河北省,石家庄市,赵县,上海好心情装饰材料有限公司,中铁
河北省,石家庄市,辛集市,上海好心情装饰材料有限公司,中铁
河北省,石家庄市,藁城市,上海好心情装饰材料有限公司,中铁
河北省,石家庄市,晋州市,上海好心情装饰材料有限公司,中铁
河北省,石家庄市,新乐市,上海好心情装饰材料有限公司,中铁
河北省,石家庄市,鹿泉市,上海好心情装饰材料有限公司,中铁
河北省,石家庄市,其它区,上海好心情装饰材料有限公司,中铁
河北省,唐山市,*,上海好心情装饰材料有限公司,中铁
河北省,秦皇岛市,*,上海好心情装饰材料有限公司,中铁
河北省,邯郸市,*,上海好心情装饰材料有限公司,中铁
河北省,邢台市,*,上海好心情装饰材料有限公司,中铁
河北省,保定市,*,上海好心情装饰材料有限公司,中铁
河北省,张家口市,*,上海好心情装饰材料有限公司,中铁
河北省,承德市,*,上海好心情装饰材料有限公司,中铁
河北省,沧州市,*,上海好心情装饰材料有限公司,中铁
河北省,廊坊市,*,上海好心情装饰材料有限公司,中铁
河北省,衡水市,*,上海好心情装饰材料有限公司,中铁
山西省,太原市,小店区,山西宏泰来商贸有限公司,经销商
山西省,太原市,迎泽区,山西宏泰来商贸有限公司,经销商
山西省,太原市,杏花岭区,山西宏泰来商贸有限公司,经销商
山西省,太原市,尖草坪区,山西宏泰来商贸有限公司,经销商
山西省,太原市,万柏林区,山西宏泰来商贸有限公司,经销商
山西省,太原市,晋源区,山西宏泰来商贸有限公司,经销商
山西省,太原市,清徐县,山西宏泰来商贸有限公司,经销商
山西省,太原市,阳曲县,山西宏泰来商贸有限公司,经销商
山西省,太原市,娄烦县,山西宏泰来商贸有限公司,经销商
山西省,太原市,古交市,山西宏泰来商贸有限公司,经销商
山西省,太原市,其它区,上海好心情装饰材料有限公司,中铁
山西省,大同市,*,上海好心情装饰材料有限公司,中铁
山西省,阳泉市,*,上海好心情装饰材料有限公司,中铁
山西省,长治市,*,上海好心情装饰材料有限公司,中铁
山西省,晋城市,*,上海好心情装饰材料有限公司,中铁
山西省,朔州市,*,上海好心情装饰材料有限公司,中铁
山西省,晋中市,*,上海好心情装饰材料有限公司,中铁
山西省,运城市,*,上海好心情装饰材料有限公司,中铁
山西省,忻州市,*,上海好心情装饰材料有限公司,中铁
山西省,临汾市,*,上海好心情装饰材料有限公司,中铁
山西省,吕梁市,*,上海好心情装饰材料有限公司,中铁
内蒙古自治区,呼和浩特市,新城区,内蒙古呼和浩特市新城区康轩油漆经销部,经销商
内蒙古自治区,呼和浩特市,回民区,内蒙古呼和浩特市新城区康轩油漆经销部,经销商
内蒙古自治区,呼和浩特市,玉泉区,内蒙古呼和浩特市新城区康轩油漆经销部,经销商
内蒙古自治区,呼和浩特市,赛罕区,内蒙古呼和浩特市新城区康轩油漆经销部,经销商
内蒙古自治区,呼和浩特市,土默特左旗,内蒙古呼和浩特市新城区康轩油漆经销部,经销商
内蒙古自治区,呼和浩特市,托克托县,内蒙古呼和浩特市新城区康轩油漆经销部,经销商
内蒙古自治区,呼和浩特市,和林格尔县,内蒙古呼和浩特市新城区康轩油漆经销部,经销商
内蒙古自治区,呼和浩特市,清水河县,内蒙古呼和浩特市新城区康轩油漆经销部,经销商
内蒙古自治区,呼和浩特市,武川县,内蒙古呼和浩特市新城区康轩油漆经销部,经销商
内蒙古自治区,呼和浩特市,其它区,上海好心情装饰材料有限公司,中铁
内蒙古自治区,包头市,*,上海好心情装饰材料有限公司,中铁
内蒙古自治区,乌海市,*,上海好心情装饰材料有限公司,中铁
内蒙古自治区,赤峰市,*,上海好心情装饰材料有限公司,中铁
内蒙古自治区,通辽市,*,上海好心情装饰材料有限公司,中铁
内蒙古自治区,鄂尔多斯市,*,上海好心情装饰材料有限公司,中铁
内蒙古自治区,呼伦贝尔市,*,上海好心情装饰材料有限公司,中铁
内蒙古自治区,巴彦淖尔市,*,上海好心情装饰材料有限公司,中铁
内蒙古自治区,乌兰察布市,*,上海好心情装饰材料有限公司,中铁
内蒙古自治区,兴安盟,*,上海好心情装饰材料有限公司,中铁
内蒙古自治区,锡林郭勒盟,*,上海好心情装饰材料有限公司,中铁
内蒙古自治区,阿拉善盟,*,上海好心情装饰材料有限公司,中铁
辽宁省,沈阳市,和平区,沈阳市铁西区展辰鑫达油漆涂料经销处,经销商
辽宁省,沈阳市,沈河区,沈阳市铁西区展辰鑫达油漆涂料经销处,经销商
辽宁省,沈阳市,大东区,沈阳市铁西区展辰鑫达油漆涂料经销处,经销商
辽宁省,沈阳市,皇姑区,沈阳市铁西区展辰鑫达油漆涂料经销处,经销商
辽宁省,沈阳市,铁西区,沈阳市铁西区展辰鑫达油漆涂料经销处,经销商
辽宁省,沈阳市,苏家屯区,沈阳市铁西区展辰鑫达油漆涂料经销处,经销商
辽宁省,沈阳市,东陵区,沈阳市铁西区展辰鑫达油漆涂料经销处,经销商
辽宁省,沈阳市,新城子区,沈阳市铁西区展辰鑫达油漆涂料经销处,经销商
辽宁省,沈阳市,于洪区,沈阳市铁西区展辰鑫达油漆涂料经销处,经销商
辽宁省,沈阳市,辽中县,沈阳市铁西区展辰鑫达油漆涂料经销处,经销商
辽宁省,沈阳市,康平县,沈阳市铁西区展辰鑫达油漆涂料经销处,经销商
辽宁省,沈阳市,法库县,沈阳市铁西区展辰鑫达油漆涂料经销处,经销商
辽宁省,沈阳市,新民市,沈阳市铁西区展辰鑫达油漆涂料经销处,经销商
辽宁省,沈阳市,浑南新区,沈阳市铁西区展辰鑫达油漆涂料经销处,经销商
辽宁省,沈阳市,张士开发区,沈阳市铁西区展辰鑫达油漆涂料经销处,经销商
辽宁省,沈阳市,沈北新区,沈阳市铁西区展辰鑫达油漆涂料经销处,经销商
辽宁省,沈阳市,其它区,上海好心情装饰材料有限公司,中铁
辽宁省,大连市,*,上海好心情装饰材料有限公司,中铁
辽宁省,鞍山市,*,上海好心情装饰材料有限公司,中铁
辽宁省,抚顺市,*,上海好心情装饰材料有限公司,中铁
辽宁省,本溪市,*,上海好心情装饰材料有限公司,中铁
辽宁省,丹东市,*,上海好心情装饰材料有限公司,中铁
辽宁省,锦州市,*,上海好心情装饰材料有限公司,中铁
辽宁省,营口市,*,上海好心情装饰材料有限公司,中铁
辽宁省,阜新市,*,上海好心情装饰材料有限公司,中铁
辽宁省,辽阳市,*,上海好心情装饰材料有限公司,中铁
辽宁省,盘锦市,*,上海好心情装饰材料有限公司,中铁
辽宁省,铁岭市,*,上海好心情装饰材料有限公司,中铁
辽宁省,朝阳市,*,上海好心情装饰材料有限公司,中铁
辽宁省,葫芦岛市,*,上海好心情装饰材料有限公司,中铁
吉林省,*,*,上海好心情装饰材料有限公司,中铁
黑龙江省,哈尔滨市,道里区,哈尔滨市道里区大乐装饰材料商店,经销商
黑龙江省,哈尔滨市,南岗区,哈尔滨市道里区大乐装饰材料商店,经销商
黑龙江省,哈尔滨市,道外区,哈尔滨市道里区大乐装饰材料商店,经销商
黑龙江省,哈尔滨市,香坊区,哈尔滨市道里区大乐装饰材料商店,经销商
黑龙江省,哈尔滨市,动力区,哈尔滨市道里区大乐装饰材料商店,经销商
黑龙江省,哈尔滨市,平房区,哈尔滨市道里区大乐装饰材料商店,经销商
黑龙江省,哈尔滨市,松北区,哈尔滨市道里区大乐装饰材料商店,经销商
黑龙江省,哈尔滨市,呼兰区,上海好心情装饰材料有限公司,中铁
黑龙江省,哈尔滨市,依兰县,上海好心情装饰材料有限公司,中铁
黑龙江省,哈尔滨市,方正县,上海好心情装饰材料有限公司,中铁
黑龙江省,哈尔滨市,宾县,上海好心情装饰材料有限公司,中铁
黑龙江省,哈尔滨市,巴彦县,上海好心情装饰材料有限公司,中铁
黑龙江省,哈尔滨市,木兰县,上海好心情装饰材料有限公司,中铁
黑龙江省,哈尔滨市,通河县,上海好心情装饰材料有限公司,中铁
黑龙江省,哈尔滨市,延寿县,上海好心情装饰材料有限公司,中铁
黑龙江省,哈尔滨市,阿城市,上海好心情装饰材料有限公司,中铁
黑龙江省,哈尔滨市,双城市,上海好心情装饰材料有限公司,中铁
黑龙江省,哈尔滨市,尚志市,上海好心情装饰材料有限公司,中铁
黑龙江省,哈尔滨市,五常市,上海好心情装饰材料有限公司,中铁
黑龙江省,哈尔滨市,阿城市,上海好心情装饰材料有限公司,中铁
黑龙江省,哈尔滨市,其它区,上海好心情装饰材料有限公司,中铁
黑龙江省,齐齐哈尔市,*,上海好心情装饰材料有限公司,中铁
黑龙江省,鸡西市,*,上海好心情装饰材料有限公司,中铁
黑龙江省,鹤岗市,*,上海好心情装饰材料有限公司,中铁
黑龙江省,双鸭山市,*,上海好心情装饰材料有限公司,中铁
黑龙江省,大庆市,*,上海好心情装饰材料有限公司,中铁
黑龙江省,伊春市,*,上海好心情装饰材料有限公司,中铁
黑龙江省,佳木斯市,*,上海好心情装饰材料有限公司,中铁
黑龙江省,七台河市,*,上海好心情装饰材料有限公司,中铁
黑龙江省,牡丹江市,*,上海好心情装饰材料有限公司,中铁
黑龙江省,黑河市,*,上海好心情装饰材料有限公司,中铁
黑龙江省,绥化市,*,上海好心情装饰材料有限公司,中铁
黑龙江省,大兴安岭地区,*,上海好心情装饰材料有限公司,中铁
上海,上海市,黄浦区,上海好心情装饰材料有限公司,经销商
上海,上海市,卢湾区,上海好心情装饰材料有限公司,经销商
上海,上海市,徐汇区,上海好心情装饰材料有限公司,经销商
上海,上海市,长宁区,上海好心情装饰材料有限公司,经销商
上海,上海市,静安区,上海好心情装饰材料有限公司,经销商
上海,上海市,普陀区,上海好心情装饰材料有限公司,经销商
上海,上海市,闸北区,上海好心情装饰材料有限公司,经销商
上海,上海市,虹口区,上海好心情装饰材料有限公司,经销商
上海,上海市,杨浦区,上海好心情装饰材料有限公司,经销商
上海,上海市,闵行区,上海好心情装饰材料有限公司,经销商
上海,上海市,宝山区,上海好心情装饰材料有限公司,经销商
上海,上海市,嘉定区,上海好心情装饰材料有限公司,经销商
上海,上海市,浦东新区,上海好心情装饰材料有限公司,经销商
上海,上海市,金山区,上海好心情装饰材料有限公司,经销商
上海,上海市,松江区,上海好心情装饰材料有限公司,经销商
上海,上海市,青浦区,上海好心情装饰材料有限公司,经销商
上海,上海市,南汇区,上海好心情装饰材料有限公司,经销商
上海,上海市,奉贤区,上海好心情装饰材料有限公司,经销商
上海,上海市,川沙区,上海好心情装饰材料有限公司,经销商
上海,上海市,崇明县,上海好心情装饰材料有限公司,经销商
上海,上海市,其它区,上海好心情装饰材料有限公司,经销商
江苏省,南京市,玄武区,南京西湖漆油有限公司,经销商
江苏省,南京市,白下区,南京西湖漆油有限公司,经销商
江苏省,南京市,秦淮区,南京西湖漆油有限公司,经销商
江苏省,南京市,建邺区,南京西湖漆油有限公司,经销商
江苏省,南京市,鼓楼区,南京西湖漆油有限公司,经销商
江苏省,南京市,下关区,南京西湖漆油有限公司,经销商
江苏省,南京市,浦口区,南京西湖漆油有限公司,经销商
江苏省,南京市,栖霞区,南京西湖漆油有限公司,经销商
江苏省,南京市,雨花台区,南京西湖漆油有限公司,经销商
江苏省,南京市,江宁区,南京西湖漆油有限公司,经销商
江苏省,南京市,六合区,南京西湖漆油有限公司,经销商
江苏省,南京市,溧水县,南京西湖漆油有限公司,经销商
江苏省,南京市,高淳县,南京西湖漆油有限公司,经销商
江苏省,南京市,其它区,南京西湖漆油有限公司,经销商
江苏省,无锡市,崇安区,无锡炳庚商贸有限公司,经销商
江苏省,无锡市,南长区,无锡炳庚商贸有限公司,经销商
江苏省,无锡市,北塘区,无锡炳庚商贸有限公司,经销商
江苏省,无锡市,锡山区,无锡炳庚商贸有限公司,经销商
江苏省,无锡市,惠山区,无锡炳庚商贸有限公司,经销商
江苏省,无锡市,滨湖区,无锡炳庚商贸有限公司,经销商
江苏省,无锡市,江阴市,上海好心情装饰材料有限公司,雄瑞
江苏省,无锡市,宜兴市,上海好心情装饰材料有限公司,雄瑞
江苏省,无锡市,新区,无锡炳庚商贸有限公司,经销商
江苏省,无锡市,其它区,上海好心情装饰材料有限公司,雄瑞
江苏省,徐州市,*,上海好心情装饰材料有限公司,雄瑞
江苏省,常州市,*,上海好心情装饰材料有限公司,雄瑞
江苏省,苏州市,沧浪区,苏州市荣发油漆批发销售部,经销商
江苏省,苏州市,平江区,苏州市荣发油漆批发销售部,经销商
江苏省,苏州市,金阊区,苏州市荣发油漆批发销售部,经销商
江苏省,苏州市,虎丘区,苏州市荣发油漆批发销售部,经销商
江苏省,苏州市,吴中区,苏州市荣发油漆批发销售部,经销商
江苏省,苏州市,相城区,苏州市荣发油漆批发销售部,经销商
江苏省,苏州市,常熟市,上海好心情装饰材料有限公司,雄瑞
江苏省,苏州市,张家港市,上海好心情装饰材料有限公司,雄瑞
江苏省,苏州市,昆山市,上海好心情装饰材料有限公司,雄瑞
江苏省,苏州市,吴江市,上海好心情装饰材料有限公司,雄瑞
江苏省,苏州市,太仓市,上海好心情装饰材料有限公司,雄瑞
江苏省,苏州市,新区,苏州市荣发油漆批发销售部,经销商
江苏省,苏州市,园区,上海好心情装饰材料有限公司,雄瑞
江苏省,苏州市,其它区,上海好心情装饰材料有限公司,雄瑞
江苏省,南通市,*,上海好心情装饰材料有限公司,雄瑞
江苏省,连云港市,*,上海好心情装饰材料有限公司,雄瑞
江苏省,淮安市,*,上海好心情装饰材料有限公司,雄瑞
江苏省,盐城市,*,上海好心情装饰材料有限公司,雄瑞
江苏省,扬州市,*,上海好心情装饰材料有限公司,雄瑞
江苏省,镇江市,*,上海好心情装饰材料有限公司,雄瑞
江苏省,泰州市,*,上海好心情装饰材料有限公司,雄瑞
江苏省,宿迁市,*,上海好心情装饰材料有限公司,雄瑞
浙江省,杭州市,上城区,杭州锦鹏贸易有限公司,经销商
浙江省,杭州市,下城区,杭州锦鹏贸易有限公司,经销商
浙江省,杭州市,江干区,杭州锦鹏贸易有限公司,经销商
浙江省,杭州市,拱墅区,杭州锦鹏贸易有限公司,经销商
浙江省,杭州市,西湖区,杭州锦鹏贸易有限公司,经销商
浙江省,杭州市,滨江区,杭州锦鹏贸易有限公司,经销商
浙江省,杭州市,萧山区,杭州锦鹏贸易有限公司,经销商
浙江省,杭州市,余杭区,杭州锦鹏贸易有限公司,经销商
浙江省,杭州市,桐庐县,上海好心情装饰材料有限公司,中铁
浙江省,杭州市,淳安县,上海好心情装饰材料有限公司,中铁
浙江省,杭州市,建德市,上海好心情装饰材料有限公司,中铁
浙江省,杭州市,富阳市,上海好心情装饰材料有限公司,中铁
浙江省,杭州市,临安市,上海好心情装饰材料有限公司,中铁
浙江省,杭州市,其它区,上海好心情装饰材料有限公司,中铁
浙江省,宁波市,海曙区,宁波经济技术开发区嘉诚化工有限公司,经销商
浙江省,宁波市,江东区,宁波经济技术开发区嘉诚化工有限公司,经销商
浙江省,宁波市,江北区,宁波经济技术开发区嘉诚化工有限公司,经销商
浙江省,宁波市,北仑区,宁波经济技术开发区嘉诚化工有限公司,经销商
浙江省,宁波市,镇海区,宁波经济技术开发区嘉诚化工有限公司,经销商
浙江省,宁波市,鄞州区,宁波经济技术开发区嘉诚化工有限公司,经销商
浙江省,宁波市,象山县,上海好心情装饰材料有限公司,中铁
浙江省,宁波市,宁海县,上海好心情装饰材料有限公司,中铁
浙江省,宁波市,余姚市,上海好心情装饰材料有限公司,中铁
浙江省,宁波市,慈溪市,上海好心情装饰材料有限公司,中铁
浙江省,宁波市,奉化市,上海好心情装饰材料有限公司,中铁
浙江省,宁波市,其它区,上海好心情装饰材料有限公司,中铁
浙江省,温州市,鹿城区,温州市嘉美涂料有限公司,经销商
浙江省,温州市,龙湾区,温州市嘉美涂料有限公司,经销商
浙江省,温州市,瓯海区,温州市嘉美涂料有限公司,经销商
浙江省,温州市,洞头县,温州市嘉美涂料有限公司,经销商
浙江省,温州市,永嘉县,温州市嘉美涂料有限公司,经销商
浙江省,温州市,平阳县,温州市嘉美涂料有限公司,经销商
浙江省,温州市,苍南县,温州市嘉美涂料有限公司,经销商
浙江省,温州市,文成县,温州市嘉美涂料有限公司,经销商
浙江省,温州市,泰顺县,温州市嘉美涂料有限公司,经销商
浙江省,温州市,瑞安市,温州市嘉美涂料有限公司,经销商
浙江省,温州市,乐清市,温州市嘉美涂料有限公司,经销商
浙江省,温州市,其它区,温州市嘉美涂料有限公司,经销商
浙江省,嘉兴市,南湖区,嘉兴秀州,经销商
浙江省,嘉兴市,秀洲区,嘉兴秀州,经销商
浙江省,嘉兴市,嘉善县,嘉兴秀州,经销商
浙江省,嘉兴市,海盐县,嘉兴秀州,经销商
浙江省,嘉兴市,海宁市,嘉兴秀州,经销商
浙江省,嘉兴市,平湖市,嘉兴秀州,经销商
浙江省,嘉兴市,桐乡市,嘉兴秀州,经销商
浙江省,嘉兴市,其它区,嘉兴秀州,经销商
浙江省,湖州市,*,上海好心情装饰材料有限公司,中铁
浙江省,绍兴市,越城区,绍兴市顺畅化工有限公司,经销商
浙江省,绍兴市,绍兴县,绍兴市顺畅化工有限公司,经销商
浙江省,绍兴市,新昌县,绍兴市顺畅化工有限公司,经销商
浙江省,绍兴市,诸暨市,绍兴市顺畅化工有限公司,经销商
浙江省,绍兴市,上虞市,绍兴市顺畅化工有限公司,经销商
浙江省,绍兴市,嵊州市,绍兴市顺畅化工有限公司,经销商
浙江省,绍兴市,其它区,上海好心情装饰材料有限公司,中铁
浙江省,金华市,*,上海好心情装饰材料有限公司,中铁
浙江省,衢州市,*,上海好心情装饰材料有限公司,中铁
浙江省,舟山市,*,上海好心情装饰材料有限公司,中铁
浙江省,台州市,椒江区,台州市美亚涂料有限公司,经销商
浙江省,台州市,黄岩区,台州市美亚涂料有限公司,经销商
浙江省,台州市,路桥区,台州市美亚涂料有限公司,经销商
浙江省,台州市,玉环县,台州市美亚涂料有限公司,经销商
浙江省,台州市,三门县,台州市美亚涂料有限公司,经销商
浙江省,台州市,天台县,台州市美亚涂料有限公司,经销商
浙江省,台州市,仙居县,台州市美亚涂料有限公司,经销商
浙江省,台州市,温岭市,台州市美亚涂料有限公司,经销商
浙江省,台州市,临海市,台州市美亚涂料有限公司,经销商
浙江省,台州市,其它区,上海好心情装饰材料有限公司,中铁
浙江省,丽水市,*,上海好心情装饰材料有限公司,中铁
安徽省,*,*,上海好心情装饰材料有限公司,中铁
福建省,福州市,鼓楼区,福州启宏工贸有限公司,经销商
福建省,福州市,台江区,福州启宏工贸有限公司,经销商
福建省,福州市,仓山区,福州启宏工贸有限公司,经销商
福建省,福州市,马尾区,上海好心情装饰材料有限公司,雄瑞
福建省,福州市,晋安区,福州启宏工贸有限公司,经销商
福建省,福州市,闽侯县,上海好心情装饰材料有限公司,雄瑞
福建省,福州市,连江县,上海好心情装饰材料有限公司,雄瑞
福建省,福州市,罗源县,上海好心情装饰材料有限公司,雄瑞
福建省,福州市,闽清县,上海好心情装饰材料有限公司,雄瑞
福建省,福州市,永泰县,上海好心情装饰材料有限公司,雄瑞
福建省,福州市,平潭县,上海好心情装饰材料有限公司,雄瑞
福建省,福州市,福清市,上海好心情装饰材料有限公司,雄瑞
福建省,福州市,长乐市,上海好心情装饰材料有限公司,雄瑞
福建省,福州市,其它区,上海好心情装饰材料有限公司,雄瑞
福建省,厦门市,思明区,福州皆英机电工程技术有限公司,经销商
福建省,厦门市,海沧区,福州皆英机电工程技术有限公司,经销商
福建省,厦门市,湖里区,福州皆英机电工程技术有限公司,经销商
福建省,厦门市,集美区,福州皆英机电工程技术有限公司,经销商
福建省,厦门市,同安区,福州皆英机电工程技术有限公司,经销商
福建省,厦门市,翔安区,福州皆英机电工程技术有限公司,经销商
福建省,厦门市,其它区,福州皆英机电工程技术有限公司,经销商
福建省,莆田市,*,上海好心情装饰材料有限公司,雄瑞
福建省,三明市,*,上海好心情装饰材料有限公司,雄瑞
福建省,泉州市,*,上海好心情装饰材料有限公司,雄瑞
福建省,漳州市,*,上海好心情装饰材料有限公司,雄瑞
福建省,南平市,*,上海好心情装饰材料有限公司,雄瑞
福建省,龙岩市,*,上海好心情装饰材料有限公司,雄瑞
福建省,宁德市,*,上海好心情装饰材料有限公司,雄瑞
江西省,*,*,上海好心情装饰材料有限公司,中铁
山东省,济南市,历下区,济南金孚太建材有限公司,经销商
山东省,济南市,市中区,济南金孚太建材有限公司,经销商
山东省,济南市,槐荫区,济南金孚太建材有限公司,经销商
山东省,济南市,天桥区,济南金孚太建材有限公司,经销商
山东省,济南市,历城区,济南金孚太建材有限公司,经销商
山东省,济南市,长清区,上海好心情装饰材料有限公司,雄瑞
山东省,济南市,平阴县,上海好心情装饰材料有限公司,雄瑞
山东省,济南市,济阳县,上海好心情装饰材料有限公司,雄瑞
山东省,济南市,商河县,上海好心情装饰材料有限公司,雄瑞
山东省,济南市,章丘市,上海好心情装饰材料有限公司,雄瑞
山东省,济南市,其它区,上海好心情装饰材料有限公司,雄瑞
山东省,青岛市,市南区,青岛锦泽源商贸有限公司,经销商
山东省,青岛市,市北区,青岛锦泽源商贸有限公司,经销商
山东省,青岛市,四方区,青岛锦泽源商贸有限公司,经销商
山东省,青岛市,黄岛区,上海好心情装饰材料有限公司,雄瑞
山东省,青岛市,崂山区,青岛锦泽源商贸有限公司,经销商
山东省,青岛市,李沧区,青岛锦泽源商贸有限公司,经销商
山东省,青岛市,城阳区,上海好心情装饰材料有限公司,雄瑞
山东省,青岛市,开发区,上海好心情装饰材料有限公司,雄瑞
山东省,青岛市,胶州市,上海好心情装饰材料有限公司,雄瑞
山东省,青岛市,即墨市,上海好心情装饰材料有限公司,雄瑞
山东省,青岛市,平度市,上海好心情装饰材料有限公司,雄瑞
山东省,青岛市,胶南市,上海好心情装饰材料有限公司,雄瑞
山东省,青岛市,莱西市,上海好心情装饰材料有限公司,雄瑞
山东省,青岛市,其它区,上海好心情装饰材料有限公司,雄瑞
山东省,淄博市,*,上海好心情装饰材料有限公司,雄瑞
山东省,枣庄市,*,上海好心情装饰材料有限公司,雄瑞
山东省,东营市,*,上海好心情装饰材料有限公司,雄瑞
山东省,烟台市,*,上海好心情装饰材料有限公司,雄瑞
山东省,潍坊市,*,上海好心情装饰材料有限公司,雄瑞
山东省,济宁市,*,上海好心情装饰材料有限公司,雄瑞
山东省,泰安市,*,上海好心情装饰材料有限公司,雄瑞
山东省,威海市,*,上海好心情装饰材料有限公司,雄瑞
山东省,日照市,*,上海好心情装饰材料有限公司,雄瑞
山东省,莱芜市,*,上海好心情装饰材料有限公司,雄瑞
山东省,临沂市,*,上海好心情装饰材料有限公司,雄瑞
山东省,德州市,*,上海好心情装饰材料有限公司,雄瑞
山东省,聊城市,*,上海好心情装饰材料有限公司,雄瑞
山东省,滨州市,*,上海好心情装饰材料有限公司,雄瑞
山东省,菏泽市,*,上海好心情装饰材料有限公司,雄瑞
河南省,郑州市,中原区,郑州（东）建材大世界贝斯特装饰材料商行,经销商
河南省,郑州市,二七区,郑州（东）建材大世界贝斯特装饰材料商行,经销商
河南省,郑州市,管城回族区,郑州（东）建材大世界贝斯特装饰材料商行,经销商
河南省,郑州市,金水区,郑州（东）建材大世界贝斯特装饰材料商行,经销商
河南省,郑州市,上街区,郑州（东）建材大世界贝斯特装饰材料商行,经销商
河南省,郑州市,惠济区,郑州（东）建材大世界贝斯特装饰材料商行,经销商
河南省,郑州市,中牟县,郑州（东）建材大世界贝斯特装饰材料商行,经销商
河南省,郑州市,巩义市,郑州（东）建材大世界贝斯特装饰材料商行,经销商
河南省,郑州市,荥阳市,郑州（东）建材大世界贝斯特装饰材料商行,经销商
河南省,郑州市,新密市,郑州（东）建材大世界贝斯特装饰材料商行,经销商
河南省,郑州市,新郑市,郑州（东）建材大世界贝斯特装饰材料商行,经销商
河南省,郑州市,登封市,郑州（东）建材大世界贝斯特装饰材料商行,经销商
河南省,郑州市,郑东新区,郑州（东）建材大世界贝斯特装饰材料商行,经销商
河南省,郑州市,高新区,郑州（东）建材大世界贝斯特装饰材料商行,经销商
河南省,郑州市,其它区,上海好心情装饰材料有限公司,中铁
河南省,开封市,*,上海好心情装饰材料有限公司,中铁
河南省,洛阳市,*,上海好心情装饰材料有限公司,中铁
河南省,平顶山市,*,上海好心情装饰材料有限公司,中铁
河南省,安阳市,*,上海好心情装饰材料有限公司,中铁
河南省,鹤壁市,*,上海好心情装饰材料有限公司,中铁
河南省,新乡市,*,上海好心情装饰材料有限公司,中铁
河南省,焦作市,*,上海好心情装饰材料有限公司,中铁
河南省,濮阳市,*,上海好心情装饰材料有限公司,中铁
河南省,许昌市,*,上海好心情装饰材料有限公司,中铁
河南省,漯河市,*,上海好心情装饰材料有限公司,中铁
河南省,三门峡市,*,上海好心情装饰材料有限公司,中铁
河南省,南阳市,*,上海好心情装饰材料有限公司,中铁
河南省,商丘市,*,上海好心情装饰材料有限公司,中铁
河南省,信阳市,*,上海好心情装饰材料有限公司,中铁
河南省,周口市,*,上海好心情装饰材料有限公司,中铁
河南省,驻马店市,*,上海好心情装饰材料有限公司,中铁
湖北省,武汉市,江岸区,武汉市青山区多乐士佳美建材经营部,经销商
湖北省,武汉市,江汉区,武汉市青山区多乐士佳美建材经营部,经销商
湖北省,武汉市,硚口区,武汉市青山区多乐士佳美建材经营部,经销商
湖北省,武汉市,汉阳区,武汉市青山区多乐士佳美建材经营部,经销商
湖北省,武汉市,武昌区,武汉市青山区多乐士佳美建材经营部,经销商
湖北省,武汉市,青山区,武汉市青山区多乐士佳美建材经营部,经销商
湖北省,武汉市,洪山区,武汉市青山区多乐士佳美建材经营部,经销商
湖北省,武汉市,东西湖区,武汉市青山区多乐士佳美建材经营部,经销商
湖北省,武汉市,汉南区,上海好心情装饰材料有限公司,中铁
湖北省,武汉市,蔡甸区,上海好心情装饰材料有限公司,中铁
湖北省,武汉市,江夏区,上海好心情装饰材料有限公司,中铁
湖北省,武汉市,黄陂区,上海好心情装饰材料有限公司,中铁
湖北省,武汉市,新洲区,上海好心情装饰材料有限公司,中铁
湖北省,黄石市,*,上海好心情装饰材料有限公司,中铁
湖北省,十堰市,*,上海好心情装饰材料有限公司,中铁
湖北省,宜昌市,*,上海好心情装饰材料有限公司,中铁
湖北省,襄阳市,*,上海好心情装饰材料有限公司,中铁
湖北省,鄂州市,*,上海好心情装饰材料有限公司,中铁
湖北省,荆门市,*,上海好心情装饰材料有限公司,中铁
湖北省,孝感市,*,上海好心情装饰材料有限公司,中铁
湖北省,荆州市,*,上海好心情装饰材料有限公司,中铁
湖北省,黄冈市,*,上海好心情装饰材料有限公司,中铁
湖北省,咸宁市,*,上海好心情装饰材料有限公司,中铁
湖北省,随州市,*,上海好心情装饰材料有限公司,中铁
湖北省,恩施土家族苗族自治州,*,上海好心情装饰材料有限公司,中铁
湖北省,仙桃市,*,上海好心情装饰材料有限公司,中铁
湖北省,潜江市,*,上海好心情装饰材料有限公司,中铁
湖北省,天门市,*,上海好心情装饰材料有限公司,中铁
湖北省,神农架林区,*,上海好心情装饰材料有限公司,中铁
湖南省,长沙市,芙蓉区,长沙市芙蓉区湘东油漆涂料经营部,经销商
湖南省,长沙市,天心区,长沙市芙蓉区湘东油漆涂料经营部,经销商
湖南省,长沙市,岳麓区,长沙市芙蓉区湘东油漆涂料经营部,经销商
湖南省,长沙市,开福区,长沙市芙蓉区湘东油漆涂料经营部,经销商
湖南省,长沙市,雨花区,长沙市芙蓉区湘东油漆涂料经营部,经销商
湖南省,长沙市,长沙县,上海好心情装饰材料有限公司,雄瑞
湖南省,长沙市,望城县,上海好心情装饰材料有限公司,雄瑞
湖南省,长沙市,宁乡县,上海好心情装饰材料有限公司,雄瑞
湖南省,长沙市,浏阳市,上海好心情装饰材料有限公司,雄瑞
湖南省,长沙市,其它区,上海好心情装饰材料有限公司,雄瑞
湖南省,株洲市,*,上海好心情装饰材料有限公司,雄瑞
湖南省,湘潭市,*,上海好心情装饰材料有限公司,雄瑞
湖南省,衡阳市,*,上海好心情装饰材料有限公司,雄瑞
湖南省,邵阳市,*,上海好心情装饰材料有限公司,雄瑞
湖南省,岳阳市,*,上海好心情装饰材料有限公司,雄瑞
湖南省,常德市,*,上海好心情装饰材料有限公司,雄瑞
湖南省,张家界市,*,上海好心情装饰材料有限公司,雄瑞
湖南省,益阳市,*,上海好心情装饰材料有限公司,雄瑞
湖南省,郴州市,*,上海好心情装饰材料有限公司,雄瑞
湖南省,永州市,*,上海好心情装饰材料有限公司,雄瑞
湖南省,怀化市,*,上海好心情装饰材料有限公司,雄瑞
湖南省,娄底市,*,上海好心情装饰材料有限公司,雄瑞
湖南省,湘西土家族苗族自治州,*,上海好心情装饰材料有限公司,雄瑞
广东省,广州市,荔湾区,广州市海珠区达江化工装饰材料经营部,经销商
广东省,广州市,越秀区,广州市海珠区达江化工装饰材料经营部,经销商
广东省,广州市,海珠区,广州市海珠区达江化工装饰材料经营部,经销商
广东省,广州市,天河区,广州市海珠区达江化工装饰材料经营部,经销商
广东省,广州市,白云区,广州市海珠区达江化工装饰材料经营部,经销商
广东省,广州市,黄埔区,广州市海珠区达江化工装饰材料经营部,经销商
广东省,广州市,番禺区,广州市海珠区达江化工装饰材料经营部,经销商
广东省,广州市,花都区,广州市海珠区达江化工装饰材料经营部,经销商
广东省,广州市,南沙区,广州市海珠区达江化工装饰材料经营部,经销商
广东省,广州市,萝岗区,广州市海珠区达江化工装饰材料经营部,经销商
广东省,广州市,增城市,广州市海珠区达江化工装饰材料经营部,经销商
广东省,广州市,从化市,广州市海珠区达江化工装饰材料经营部,经销商
广东省,广州市,东山区,广州市海珠区达江化工装饰材料经营部,经销商
广东省,广州市,其它区,广州市海珠区达江化工装饰材料经营部,经销商
广东省,韶关市,*,上海好心情装饰材料有限公司,中铁
广东省,深圳市,罗湖区,深圳市一方化工有限公司,经销商
广东省,深圳市,福田区,深圳市一方化工有限公司,经销商
广东省,深圳市,南山区,深圳市一方化工有限公司,经销商
广东省,深圳市,宝安区,深圳市一方化工有限公司,经销商
广东省,深圳市,龙岗区,深圳市一方化工有限公司,经销商
广东省,深圳市,盐田区,深圳市一方化工有限公司,经销商
广东省,深圳市,其它区,上海好心情装饰材料有限公司,中铁
广东省,珠海市,香洲区,珠海冠珠化工有限公司,经销商
广东省,珠海市,斗门区,上海好心情装饰材料有限公司,中铁
广东省,珠海市,金湾区,上海好心情装饰材料有限公司,中铁
广东省,珠海市,金唐区,上海好心情装饰材料有限公司,中铁
广东省,珠海市,南湾区,上海好心情装饰材料有限公司,中铁
广东省,珠海市,其它区,上海好心情装饰材料有限公司,中铁
广东省,汕头市,*,上海好心情装饰材料有限公司,中铁
广东省,佛山市,禅城区,佛山市金盛化工有限公司,经销商
广东省,佛山市,南海区,佛山市金盛化工有限公司,经销商
广东省,佛山市,顺德区,佛山市金盛化工有限公司,经销商
广东省,佛山市,三水区,佛山市金盛化工有限公司,经销商
广东省,佛山市,高明区,佛山市金盛化工有限公司,经销商
广东省,佛山市,其它区,上海好心情装饰材料有限公司,中铁
广东省,江门市,*,上海好心情装饰材料有限公司,中铁
广东省,湛江市,*,上海好心情装饰材料有限公司,中铁
广东省,茂名市,*,上海好心情装饰材料有限公司,中铁
广东省,肇庆市,*,上海好心情装饰材料有限公司,中铁
广东省,惠州市,*,上海好心情装饰材料有限公司,中铁
广东省,梅州市,*,上海好心情装饰材料有限公司,中铁
广东省,汕尾市,*,上海好心情装饰材料有限公司,中铁
广东省,河源市,*,上海好心情装饰材料有限公司,中铁
广东省,阳江市,*,上海好心情装饰材料有限公司,中铁
广东省,清远市,*,上海好心情装饰材料有限公司,中铁
广东省,东莞市,*,东莞市景裕装饰材料有限公司,经销商
广东省,中山市,*,中山市沙溪创欣装饰涂料,经销商
广东省,潮州市,*,上海好心情装饰材料有限公司,中铁
广东省,揭阳市,*,上海好心情装饰材料有限公司,中铁
广东省,云浮市,*,上海好心情装饰材料有限公司,中铁
广西壮族自治区,南宁市,兴宁区,南宁市泽海装饰材料有限责任公司,经销商
广西壮族自治区,南宁市,青秀区,南宁市泽海装饰材料有限责任公司,经销商
广西壮族自治区,南宁市,江南区,南宁市泽海装饰材料有限责任公司,经销商
广西壮族自治区,南宁市,西乡塘区,南宁市泽海装饰材料有限责任公司,经销商
广西壮族自治区,南宁市,良庆区,南宁市泽海装饰材料有限责任公司,经销商
广西壮族自治区,南宁市,邕宁区,南宁市泽海装饰材料有限责任公司,经销商
广西壮族自治区,南宁市,武鸣县,上海好心情装饰材料有限公司,中铁
广西壮族自治区,南宁市,隆安县,上海好心情装饰材料有限公司,中铁
广西壮族自治区,南宁市,马山县,上海好心情装饰材料有限公司,中铁
广西壮族自治区,南宁市,上林县,上海好心情装饰材料有限公司,中铁
广西壮族自治区,南宁市,宾阳县,上海好心情装饰材料有限公司,中铁
广西壮族自治区,南宁市,横县,上海好心情装饰材料有限公司,中铁
广西壮族自治区,南宁市,其它区,上海好心情装饰材料有限公司,中铁
广西壮族自治区,柳州市,*,上海好心情装饰材料有限公司,中铁
广西壮族自治区,桂林市,*,上海好心情装饰材料有限公司,中铁
广西壮族自治区,梧州市,*,上海好心情装饰材料有限公司,中铁
广西壮族自治区,北海市,*,上海好心情装饰材料有限公司,中铁
广西壮族自治区,防城港市,*,上海好心情装饰材料有限公司,中铁
广西壮族自治区,钦州市,*,上海好心情装饰材料有限公司,中铁
广西壮族自治区,贵港市,*,上海好心情装饰材料有限公司,中铁
广西壮族自治区,玉林市,*,上海好心情装饰材料有限公司,中铁
广西壮族自治区,百色市,*,上海好心情装饰材料有限公司,中铁
广西壮族自治区,贺州市,*,上海好心情装饰材料有限公司,中铁
广西壮族自治区,河池市,*,上海好心情装饰材料有限公司,中铁
广西壮族自治区,来宾市,*,上海好心情装饰材料有限公司,中铁
广西壮族自治区,崇左市,*,上海好心情装饰材料有限公司,中铁
海南省,海口市,秀英区,海南欣美装饰工程有限公司,经销商
海南省,海口市,龙华区,海南欣美装饰工程有限公司,经销商
海南省,海口市,琼山区,海南欣美装饰工程有限公司,经销商
海南省,海口市,美兰区,海南欣美装饰工程有限公司,经销商
海南省,海口市,其它区,海南欣美装饰工程有限公司,经销商
海南省,三亚市,*,上海好心情装饰材料有限公司,中铁
海南省,五指山市,*,上海好心情装饰材料有限公司,中铁
海南省,琼海市,*,上海好心情装饰材料有限公司,中铁
海南省,儋州市,*,上海好心情装饰材料有限公司,中铁
海南省,文昌市,*,上海好心情装饰材料有限公司,中铁
海南省,万宁市,*,上海好心情装饰材料有限公司,中铁
海南省,东方市,*,上海好心情装饰材料有限公司,中铁
海南省,定安县,*,上海好心情装饰材料有限公司,中铁
海南省,屯昌县,*,上海好心情装饰材料有限公司,中铁
海南省,澄迈县,*,上海好心情装饰材料有限公司,中铁
海南省,临高县,*,上海好心情装饰材料有限公司,中铁
海南省,白沙黎族自治县,*,上海好心情装饰材料有限公司,中铁
海南省,昌江黎族自治县,*,上海好心情装饰材料有限公司,中铁
海南省,乐东黎族自治县,*,上海好心情装饰材料有限公司,中铁
海南省,陵水黎族自治县,*,上海好心情装饰材料有限公司,中铁
海南省,保亭黎族苗族自治县,*,上海好心情装饰材料有限公司,中铁
海南省,琼中黎族苗族自治县,*,上海好心情装饰材料有限公司,中铁
海南省,西沙群岛,*,上海好心情装饰材料有限公司,中铁
海南省,南沙群岛,*,上海好心情装饰材料有限公司,中铁
海南省,中沙群岛的岛礁及其海域,*,上海好心情装饰材料有限公司,中铁
重庆,重庆市,万州区,成都市新精华建材经营部,虹迪
重庆,重庆市,涪陵区,成都市新精华建材经营部,虹迪
重庆,重庆市,渝中区,重庆三原色节能建筑有限公司,经销商
重庆,重庆市,大渡口区,重庆三原色节能建筑有限公司,经销商
重庆,重庆市,江北区,重庆三原色节能建筑有限公司,经销商
重庆,重庆市,沙坪坝区,重庆三原色节能建筑有限公司,经销商
重庆,重庆市,九龙坡区,重庆三原色节能建筑有限公司,经销商
重庆,重庆市,南岸区,重庆三原色节能建筑有限公司,经销商
重庆,重庆市,北碚区,重庆三原色节能建筑有限公司,经销商
重庆,重庆市,万盛区,成都市新精华建材经营部,虹迪
重庆,重庆市,双桥区,成都市新精华建材经营部,虹迪
重庆,重庆市,渝北区,重庆三原色节能建筑有限公司,经销商
重庆,重庆市,巴南区,重庆三原色节能建筑有限公司,经销商
重庆,重庆市,黔江区,成都市新精华建材经营部,虹迪
重庆,重庆市,长寿区,成都市新精华建材经营部,虹迪
重庆,重庆市,綦江县,成都市新精华建材经营部,虹迪
重庆,重庆市,潼南县,成都市新精华建材经营部,虹迪
重庆,重庆市,铜梁县,成都市新精华建材经营部,虹迪
重庆,重庆市,大足县,成都市新精华建材经营部,虹迪
重庆,重庆市,荣昌县,成都市新精华建材经营部,虹迪
重庆,重庆市,璧山县,成都市新精华建材经营部,虹迪
重庆,重庆市,梁平县,成都市新精华建材经营部,虹迪
重庆,重庆市,城口县,成都市新精华建材经营部,虹迪
重庆,重庆市,丰都县,成都市新精华建材经营部,虹迪
重庆,重庆市,垫江县,成都市新精华建材经营部,虹迪
重庆,重庆市,武隆县,成都市新精华建材经营部,虹迪
重庆,重庆市,忠县,成都市新精华建材经营部,虹迪
重庆,重庆市,开县,成都市新精华建材经营部,虹迪
重庆,重庆市,云阳县,成都市新精华建材经营部,虹迪
重庆,重庆市,奉节县,成都市新精华建材经营部,虹迪
重庆,重庆市,巫山县,成都市新精华建材经营部,虹迪
重庆,重庆市,巫溪县,成都市新精华建材经营部,虹迪
重庆,重庆市,石柱土家族自治县,成都市新精华建材经营部,虹迪
重庆,重庆市,秀山土家族苗族自治县,成都市新精华建材经营部,虹迪
重庆,重庆市,酉阳土家族苗族自治县,成都市新精华建材经营部,虹迪
重庆,重庆市,彭水苗族土家族自治县,成都市新精华建材经营部,虹迪
重庆,重庆市,江津区,成都市新精华建材经营部,虹迪
重庆,重庆市,合川区,成都市新精华建材经营部,虹迪
重庆,重庆市,永川区,成都市新精华建材经营部,虹迪
重庆,重庆市,南川区,成都市新精华建材经营部,虹迪
重庆,重庆市,其它区,成都市新精华建材经营部,虹迪
四川省,成都市,锦江区,成都市新精华建材经营部,经销商
四川省,成都市,青羊区,成都市新精华建材经营部,经销商
四川省,成都市,金牛区,成都市新精华建材经营部,经销商
四川省,成都市,武侯区,成都市新精华建材经营部,经销商
四川省,成都市,成华区,成都市新精华建材经营部,经销商
四川省,成都市,龙泉驿区,成都市新精华建材经营部,宏迪
四川省,成都市,青白江区,成都市新精华建材经营部,宏迪
四川省,成都市,新都区,成都市新精华建材经营部,宏迪
四川省,成都市,温江区,成都市新精华建材经营部,宏迪
四川省,成都市,金堂县,成都市新精华建材经营部,宏迪
四川省,成都市,双流县,成都市新精华建材经营部,宏迪
四川省,成都市,郫县,成都市新精华建材经营部,宏迪
四川省,成都市,大邑县,成都市新精华建材经营部,宏迪
四川省,成都市,蒲江县,成都市新精华建材经营部,宏迪
四川省,成都市,新津县,成都市新精华建材经营部,宏迪
四川省,成都市,都江堰市,成都市新精华建材经营部,宏迪
四川省,成都市,彭州市,成都市新精华建材经营部,宏迪
四川省,成都市,邛崃市,成都市新精华建材经营部,宏迪
四川省,成都市,崇州市,成都市新精华建材经营部,宏迪
四川省,成都市,其它区,成都市新精华建材经营部,宏迪
四川省,自贡市,*,成都市新精华建材经营部,宏迪
四川省,攀枝花市,*,成都市新精华建材经营部,宏迪
四川省,泸州市,*,成都市新精华建材经营部,宏迪
四川省,德阳市,*,成都市新精华建材经营部,宏迪
四川省,绵阳市,*,成都市新精华建材经营部,宏迪
四川省,广元市,*,成都市新精华建材经营部,宏迪
四川省,遂宁市,*,成都市新精华建材经营部,宏迪
四川省,内江市,*,成都市新精华建材经营部,宏迪
四川省,乐山市,*,成都市新精华建材经营部,宏迪
四川省,南充市,*,成都市新精华建材经营部,宏迪
四川省,眉山市,*,成都市新精华建材经营部,宏迪
四川省,宜宾市,*,成都市新精华建材经营部,宏迪
四川省,广安市,*,成都市新精华建材经营部,宏迪
四川省,达州市,*,成都市新精华建材经营部,宏迪
四川省,雅安市,*,成都市新精华建材经营部,宏迪
四川省,巴中市,*,成都市新精华建材经营部,宏迪
四川省,资阳市,*,成都市新精华建材经营部,宏迪
四川省,阿坝藏族羌族自治州,*,成都市新精华建材经营部,宏迪
四川省,甘孜藏族自治州,*,成都市新精华建材经营部,宏迪
四川省,凉山彝族自治州,*,成都市新精华建材经营部,宏迪
贵州省,贵阳市,南明区,贵阳南明佳园建材经营部,经销商
贵州省,贵阳市,云岩区,贵阳南明佳园建材经营部,经销商
贵州省,贵阳市,花溪区,上海好心情装饰材料有限公司,中铁
贵州省,贵阳市,乌当区,上海好心情装饰材料有限公司,中铁
贵州省,贵阳市,白云区,上海好心情装饰材料有限公司,中铁
贵州省,贵阳市,小河区,贵阳南明佳园建材经营部,经销商
贵州省,贵阳市,开阳县,上海好心情装饰材料有限公司,中铁
贵州省,贵阳市,息烽县,上海好心情装饰材料有限公司,中铁
贵州省,贵阳市,修文县,上海好心情装饰材料有限公司,中铁
贵州省,贵阳市,金阳开发区,上海好心情装饰材料有限公司,中铁
贵州省,贵阳市,清镇市,上海好心情装饰材料有限公司,中铁
贵州省,贵阳市,其它区,上海好心情装饰材料有限公司,中铁
贵州省,六盘水市,*,上海好心情装饰材料有限公司,中铁
贵州省,遵义市,*,上海好心情装饰材料有限公司,中铁
贵州省,安顺市,*,上海好心情装饰材料有限公司,中铁
贵州省,铜仁地区,*,上海好心情装饰材料有限公司,中铁
贵州省,黔西南布依族苗族自治州,*,上海好心情装饰材料有限公司,中铁
贵州省,毕节地区,*,上海好心情装饰材料有限公司,中铁
贵州省,黔东南苗族侗族自治州,*,上海好心情装饰材料有限公司,中铁
贵州省,黔南布依族苗族自治州,*,上海好心情装饰材料有限公司,中铁
云南省,昆明市,五华区,昆明市西山区大观恒日建材经营部,经销商
云南省,昆明市,盘龙区,昆明市西山区大观恒日建材经营部,经销商
云南省,昆明市,官渡区,昆明市西山区大观恒日建材经营部,经销商
云南省,昆明市,西山区,昆明市西山区大观恒日建材经营部,经销商
云南省,昆明市,东川区,上海好心情装饰材料有限公司,中铁
云南省,昆明市,呈贡县,上海好心情装饰材料有限公司,中铁
云南省,昆明市,晋宁县,上海好心情装饰材料有限公司,中铁
云南省,昆明市,富民县,上海好心情装饰材料有限公司,中铁
云南省,昆明市,宜良县,上海好心情装饰材料有限公司,中铁
云南省,昆明市,石林彝族自治县,上海好心情装饰材料有限公司,中铁
云南省,昆明市,嵩明县,上海好心情装饰材料有限公司,中铁
云南省,昆明市,禄劝彝族苗族自治县,上海好心情装饰材料有限公司,中铁
云南省,昆明市,寻甸回族彝族自治县,上海好心情装饰材料有限公司,中铁
云南省,昆明市,安宁市,上海好心情装饰材料有限公司,中铁
云南省,昆明市,其它区,上海好心情装饰材料有限公司,中铁
云南省,曲靖市,*,上海好心情装饰材料有限公司,中铁
云南省,玉溪市,*,上海好心情装饰材料有限公司,中铁
云南省,保山市,*,上海好心情装饰材料有限公司,中铁
云南省,昭通市,*,上海好心情装饰材料有限公司,中铁
云南省,丽江市,*,上海好心情装饰材料有限公司,中铁
云南省,普洱市,*,上海好心情装饰材料有限公司,中铁
云南省,临沧市,*,上海好心情装饰材料有限公司,中铁
云南省,楚雄彝族自治州,*,上海好心情装饰材料有限公司,中铁
云南省,红河哈尼族彝族自治州,*,上海好心情装饰材料有限公司,中铁
云南省,文山壮族苗族自治州,*,上海好心情装饰材料有限公司,中铁
云南省,西双版纳傣族自治州,*,上海好心情装饰材料有限公司,中铁
云南省,大理白族自治州,*,上海好心情装饰材料有限公司,中铁
云南省,德宏傣族景颇族自治州,*,上海好心情装饰材料有限公司,中铁
云南省,怒江傈僳族自治州,*,上海好心情装饰材料有限公司,中铁
云南省,迪庆藏族自治州,*,上海好心情装饰材料有限公司,中铁
西藏自治区,*,*,上海好心情装饰材料有限公司,中铁
陕西省,西安市,新城区,西安威尔佳装饰工程有限公司,经销商
陕西省,西安市,碑林区,西安威尔佳装饰工程有限公司,经销商
陕西省,西安市,莲湖区,西安威尔佳装饰工程有限公司,经销商
陕西省,西安市,灞桥区,西安威尔佳装饰工程有限公司,经销商
陕西省,西安市,未央区,西安威尔佳装饰工程有限公司,经销商
陕西省,西安市,雁塔区,西安威尔佳装饰工程有限公司,经销商
陕西省,西安市,阎良区,西安威尔佳装饰工程有限公司,经销商
陕西省,西安市,临潼区,西安威尔佳装饰工程有限公司,经销商
陕西省,西安市,长安区,西安威尔佳装饰工程有限公司,经销商
陕西省,西安市,蓝田县,西安威尔佳装饰工程有限公司,经销商
陕西省,西安市,周至县,西安威尔佳装饰工程有限公司,经销商
陕西省,西安市,户县,西安威尔佳装饰工程有限公司,经销商
陕西省,西安市,高陵县,西安威尔佳装饰工程有限公司,经销商
陕西省,西安市,其它区,上海好心情装饰材料有限公司,中铁
陕西省,铜川市,*,上海好心情装饰材料有限公司,中铁
陕西省,宝鸡市,*,上海好心情装饰材料有限公司,中铁
陕西省,咸阳市,*,上海好心情装饰材料有限公司,中铁
陕西省,渭南市,*,上海好心情装饰材料有限公司,中铁
陕西省,延安市,*,上海好心情装饰材料有限公司,中铁
陕西省,汉中市,*,上海好心情装饰材料有限公司,中铁
陕西省,榆林市,*,上海好心情装饰材料有限公司,中铁
陕西省,安康市,*,上海好心情装饰材料有限公司,中铁
陕西省,商洛市,*,上海好心情装饰材料有限公司,中铁
甘肃省,*,*,上海好心情装饰材料有限公司,中铁
青海省,*,*,上海好心情装饰材料有限公司,中铁
宁夏回族自治区,*,*,上海好心情装饰材料有限公司,中铁
新疆维吾尔自治区,*,*,上海好心情装饰材料有限公司,中铁
